# AiCar meshgen
# verts=4312 faces=3234
# map=icra2026_master visual
v -17.779691 0.000000 14.385562
v -17.712309 0.000000 14.342438
v -17.475691 0.000000 14.860562
v -17.408309 0.000000 14.817438
v -17.779691 0.350000 14.385562
v -17.712309 0.350000 14.342438
v -17.475691 0.350000 14.860562
v -17.408309 0.350000 14.817438
v -17.468340 0.000000 14.869103
v -17.415660 0.000000 14.808897
v -17.164340 0.000000 15.135103
v -17.111660 0.000000 15.074897
v -17.468340 0.350000 14.869103
v -17.415660 0.350000 14.808897
v -17.164340 0.350000 15.135103
v -17.111660 0.350000 15.074897
v -17.155889 0.000000 15.140777
v -17.120111 0.000000 15.069223
v -16.699889 0.000000 15.368777
v -16.664111 0.000000 15.297223
v -17.155889 0.350000 15.140777
v -17.120111 0.350000 15.069223
v -16.699889 0.350000 15.368777
v -16.664111 0.350000 15.297223
v -16.690240 0.000000 15.372142
v -16.673760 0.000000 15.293858
v -16.329240 0.000000 15.448142
v -16.312760 0.000000 15.369858
v -16.690240 0.350000 15.372142
v -16.673760 0.350000 15.293858
v -16.329240 0.350000 15.448142
v -16.312760 0.350000 15.369858
v -16.321000 0.000000 15.449000
v -16.321000 0.000000 15.369000
v -8.683000 0.000000 15.449000
v -8.683000 0.000000 15.369000
v -16.321000 0.350000 15.449000
v -16.321000 0.350000 15.369000
v -8.683000 0.350000 15.449000
v -8.683000 0.350000 15.369000
v -8.675155 0.000000 15.448223
v -8.690845 0.000000 15.369777
v -8.010155 0.000000 15.315223
v -8.025845 0.000000 15.236777
v -8.675155 0.350000 15.448223
v -8.690845 0.350000 15.369777
v -8.010155 0.350000 15.315223
v -8.025845 0.350000 15.236777
v -8.002243 0.000000 15.312766
v -8.033757 0.000000 15.239234
v -7.603243 0.000000 15.141766
v -7.634757 0.000000 15.068234
v -8.002243 0.350000 15.312766
v -8.033757 0.350000 15.239234
v -7.603243 0.350000 15.141766
v -7.634757 0.350000 15.068234
v -7.598142 0.000000 15.139131
v -7.639858 0.000000 15.070869
v -7.256142 0.000000 14.930131
v -7.297858 0.000000 14.861869
v -7.598142 0.350000 15.139131
v -7.639858 0.350000 15.070869
v -7.256142 0.350000 14.930131
v -7.297858 0.350000 14.861869
v -7.250163 0.000000 14.925661
v -7.303837 0.000000 14.866339
v -6.851163 0.000000 14.564661
v -6.904837 0.000000 14.505339
v -7.250163 0.350000 14.925661
v -7.303837 0.350000 14.866339
v -6.851163 0.350000 14.564661
v -6.904837 0.350000 14.505339
v -6.846183 0.000000 14.559242
v -6.909817 0.000000 14.510758
v -6.542183 0.000000 14.160242
v -6.605817 0.000000 14.111758
v -6.846183 0.350000 14.559242
v -6.909817 0.350000 14.510758
v -6.542183 0.350000 14.160242
v -6.605817 0.350000 14.111758
v -6.538223 0.000000 14.153889
v -6.609777 0.000000 14.118111
v -6.291223 0.000000 13.659889
v -6.362777 0.000000 13.624111
v -6.538223 0.350000 14.153889
v -6.609777 0.350000 14.118111
v -6.291223 0.350000 13.659889
v -6.362777 0.350000 13.624111
v -6.288024 0.000000 13.650994
v -6.365976 0.000000 13.633006
v -6.174024 0.000000 13.156994
v -6.251976 0.000000 13.139006
v -6.288024 0.350000 13.650994
v -6.365976 0.350000 13.633006
v -6.174024 0.350000 13.156994
v -6.251976 0.350000 13.139006
v -6.213000 0.000000 13.188000
v -6.213000 0.000000 13.108000
v -5.833000 0.000000 13.188000
v -5.833000 0.000000 13.108000
v -6.213000 0.350000 13.188000
v -6.213000 0.350000 13.108000
v -5.833000 0.350000 13.188000
v -5.833000 0.350000 13.108000
v -5.871976 0.000000 13.156994
v -5.794024 0.000000 13.139006
v -5.757976 0.000000 13.650994
v -5.680024 0.000000 13.633006
v -5.871976 0.350000 13.156994
v -5.794024 0.350000 13.139006
v -5.757976 0.350000 13.650994
v -5.680024 0.350000 13.633006
v -5.754777 0.000000 13.659889
v -5.683223 0.000000 13.624111
v -5.507777 0.000000 14.153889
v -5.436223 0.000000 14.118111
v -5.754777 0.350000 13.659889
v -5.683223 0.350000 13.624111
v -5.507777 0.350000 14.153889
v -5.436223 0.350000 14.118111
v -5.503817 0.000000 14.160242
v -5.440183 0.000000 14.111758
v -5.199817 0.000000 14.559242
v -5.136183 0.000000 14.510758
v -5.503817 0.350000 14.160242
v -5.440183 0.350000 14.111758
v -5.199817 0.350000 14.559242
v -5.136183 0.350000 14.510758
v -5.194837 0.000000 14.564661
v -5.141163 0.000000 14.505339
v -4.795837 0.000000 14.925661
v -4.742163 0.000000 14.866339
v -5.194837 0.350000 14.564661
v -5.141163 0.350000 14.505339
v -4.795837 0.350000 14.925661
v -4.742163 0.350000 14.866339
v -4.788846 0.000000 14.930730
v -4.749154 0.000000 14.861270
v -4.256846 0.000000 15.234730
v -4.217154 0.000000 15.165270
v -4.788846 0.350000 14.930730
v -4.749154 0.350000 14.861270
v -4.256846 0.350000 15.234730
v -4.217154 0.350000 15.165270
v -4.249191 0.000000 15.238097
v -4.224809 0.000000 15.161903
v -3.774191 0.000000 15.390097
v -3.749809 0.000000 15.313903
v -4.249191 0.350000 15.238097
v -4.224809 0.350000 15.161903
v -3.774191 0.350000 15.390097
v -3.749809 0.350000 15.313903
v -3.767657 0.000000 15.391598
v -3.756343 0.000000 15.312402
v -3.368657 0.000000 15.448598
v -3.357343 0.000000 15.369402
v -3.767657 0.350000 15.391598
v -3.756343 0.350000 15.312402
v -3.368657 0.350000 15.448598
v -3.357343 0.350000 15.369402
v -3.360081 0.000000 15.448893
v -3.365919 0.000000 15.369107
v -2.581081 0.000000 15.391893
v -2.586919 0.000000 15.312107
v -3.360081 0.350000 15.448893
v -3.365919 0.350000 15.369107
v -2.581081 0.350000 15.391893
v -2.586919 0.350000 15.312107
v -2.570330 0.000000 15.389592
v -2.597670 0.000000 15.314408
v -1.943330 0.000000 15.161592
v -1.970670 0.000000 15.086408
v -2.570330 0.350000 15.389592
v -2.597670 0.350000 15.314408
v -1.943330 0.350000 15.161592
v -1.970670 0.350000 15.086408
v -1.935438 0.000000 15.157691
v -1.978562 0.000000 15.090309
v -1.460438 0.000000 14.853691
v -1.503562 0.000000 14.786309
v -1.935438 0.350000 15.157691
v -1.978562 0.350000 15.090309
v -1.460438 0.350000 14.853691
v -1.503562 0.350000 14.786309
v -1.453716 0.000000 14.848284
v -1.510284 0.000000 14.791716
v -1.073716 0.000000 14.468284
v -1.130284 0.000000 14.411716
v -1.453716 0.350000 14.848284
v -1.510284 0.350000 14.791716
v -1.073716 0.350000 14.468284
v -1.130284 0.350000 14.411716
v -1.068923 0.000000 14.462492
v -1.135077 0.000000 14.417508
v -0.745923 0.000000 13.987492
v -0.812077 0.000000 13.942508
v -1.068923 0.350000 14.462492
v -1.135077 0.350000 14.417508
v -0.745923 0.350000 13.987492
v -0.812077 0.350000 13.942508
v -0.742317 0.000000 13.980949
v -0.815683 0.000000 13.949051
v -0.552317 0.000000 13.543949
v -0.625683 0.000000 13.512051
v -0.742317 0.350000 13.980949
v -0.815683 0.350000 13.949051
v -0.552317 0.350000 13.543949
v -0.625683 0.350000 13.512051
v -0.549777 0.000000 13.535845
v -0.628223 0.000000 13.520155
v -0.435777 0.000000 12.965845
v -0.514223 0.000000 12.950155
v -0.549777 0.350000 13.535845
v -0.628223 0.350000 13.520155
v -0.435777 0.350000 12.965845
v -0.514223 0.350000 12.950155
v -0.435000 0.000000 12.958000
v -0.515000 0.000000 12.958000
v -0.435000 0.000000 10.317000
v -0.515000 0.000000 10.317000
v -0.435000 0.350000 12.958000
v -0.515000 0.350000 12.958000
v -0.435000 0.350000 10.317000
v -0.515000 0.350000 10.317000
v -0.446448 0.000000 10.345014
v -0.503552 0.000000 10.288986
v 0.541552 0.000000 9.338014
v 0.484448 0.000000 9.281986
v -0.446448 0.350000 10.345014
v -0.503552 0.350000 10.288986
v 0.541552 0.350000 9.338014
v 0.484448 0.350000 9.281986
v 0.535188 0.000000 9.343282
v 0.490812 0.000000 9.276718
v 0.649188 0.000000 9.267282
v 0.604812 0.000000 9.200718
v 0.535188 0.350000 9.343282
v 0.490812 0.350000 9.276718
v 0.649188 0.350000 9.267282
v 0.604812 0.350000 9.200718
v 0.630980 0.000000 9.273801
v 0.623020 0.000000 9.194199
v 0.820980 0.000000 9.254801
v 0.813020 0.000000 9.175199
v 0.630980 0.350000 9.273801
v 0.623020 0.350000 9.194199
v 0.820980 0.350000 9.254801
v 0.813020 0.350000 9.175199
v 0.800754 0.000000 9.251552
v 0.833246 0.000000 9.178448
v 0.971754 0.000000 9.327552
v 1.004246 0.000000 9.254448
v 0.800754 0.350000 9.251552
v 0.833246 0.350000 9.178448
v 0.971754 0.350000 9.327552
v 1.004246 0.350000 9.254448
v 0.953449 0.000000 9.311155
v 1.022551 0.000000 9.270845
v 1.086449 0.000000 9.539155
v 1.155551 0.000000 9.498845
v 0.953449 0.350000 9.311155
v 1.022551 0.350000 9.270845
v 1.086449 0.350000 9.539155
v 1.155551 0.350000 9.498845
v 1.081000 0.000000 9.519000
v 1.161000 0.000000 9.519000
v 1.081000 0.000000 11.001000
v 1.161000 0.000000 11.001000
v 1.081000 0.350000 9.519000
v 1.161000 0.350000 9.519000
v 1.081000 0.350000 11.001000
v 1.161000 0.350000 11.001000
v 1.081274 0.000000 11.005674
v 1.160726 0.000000 10.996326
v 1.119274 0.000000 11.328674
v 1.198726 0.000000 11.319326
v 1.081274 0.350000 11.005674
v 1.160726 0.350000 10.996326
v 1.119274 0.350000 11.328674
v 1.198726 0.350000 11.319326
v 1.120459 0.000000 11.334706
v 1.197541 0.000000 11.313294
v 1.310459 0.000000 12.018706
v 1.387541 0.000000 11.997294
v 1.120459 0.350000 11.334706
v 1.197541 0.350000 11.313294
v 1.310459 0.350000 12.018706
v 1.387541 0.350000 11.997294
v 1.312637 0.000000 12.024666
v 1.385363 0.000000 11.991334
v 1.521637 0.000000 12.480666
v 1.594363 0.000000 12.447334
v 1.312637 0.350000 12.024666
v 1.385363 0.350000 11.991334
v 1.521637 0.350000 12.480666
v 1.594363 0.350000 12.447334
v 1.524309 0.000000 12.485562
v 1.591691 0.000000 12.442438
v 1.828309 0.000000 12.960562
v 1.895691 0.000000 12.917438
v 1.524309 0.350000 12.485562
v 1.591691 0.350000 12.442438
v 1.828309 0.350000 12.960562
v 1.895691 0.350000 12.917438
v 1.832724 0.000000 12.966257
v 1.891276 0.000000 12.911743
v 2.345724 0.000000 13.517257
v 2.404276 0.000000 13.462743
v 1.832724 0.350000 12.966257
v 1.891276 0.350000 12.911743
v 2.345724 0.350000 13.517257
v 2.404276 0.350000 13.462743
v 2.351191 0.000000 13.522142
v 2.398809 0.000000 13.457858
v 2.864191 0.000000 13.902142
v 2.911809 0.000000 13.837858
v 2.351191 0.350000 13.522142
v 2.398809 0.350000 13.457858
v 2.864191 0.350000 13.902142
v 2.911809 0.350000 13.837858
v 2.869546 0.000000 13.905489
v 2.906454 0.000000 13.834511
v 3.344546 0.000000 14.152489
v 3.381454 0.000000 14.081511
v 2.869546 0.350000 13.905489
v 2.906454 0.350000 13.834511
v 3.344546 0.350000 14.152489
v 3.381454 0.350000 14.081511
v 3.350687 0.000000 14.155058
v 3.375313 0.000000 14.078942
v 3.996687 0.000000 14.364058
v 4.021313 0.000000 14.287942
v 3.350687 0.350000 14.155058
v 3.375313 0.350000 14.078942
v 3.996687 0.350000 14.364058
v 4.021313 0.350000 14.287942
v 4.002424 0.000000 14.365456
v 4.015576 0.000000 14.286544
v 4.344424 0.000000 14.422456
v 4.357576 0.000000 14.343544
v 4.002424 0.350000 14.365456
v 4.015576 0.350000 14.286544
v 4.344424 0.350000 14.422456
v 4.357576 0.350000 14.343544
v 4.348898 0.000000 14.422945
v 4.353102 0.000000 14.343055
v 5.070898 0.000000 14.460945
v 5.075102 0.000000 14.381055
v 4.348898 0.350000 14.422945
v 4.353102 0.350000 14.343055
v 5.070898 0.350000 14.460945
v 5.075102 0.350000 14.381055
v 5.068519 0.000000 14.460748
v 5.077481 0.000000 14.381252
v 8.944519 0.000000 14.897748
v 8.953481 0.000000 14.818252
v 5.068519 0.350000 14.460748
v 5.077481 0.350000 14.381252
v 8.944519 0.350000 14.897748
v 8.953481 0.350000 14.818252
v 8.977284 0.000000 14.886284
v 8.920716 0.000000 14.829716
v 9.015284 0.000000 14.848284
v 8.958716 0.000000 14.791716
v 8.977284 0.350000 14.886284
v 8.920716 0.350000 14.829716
v 9.015284 0.350000 14.848284
v 8.958716 0.350000 14.791716
v 9.027000 0.000000 14.820000
v 8.947000 0.000000 14.820000
v 9.027000 0.000000 13.338000
v 8.947000 0.000000 13.338000
v 9.027000 0.350000 14.820000
v 8.947000 0.350000 14.820000
v 9.027000 0.350000 13.338000
v 8.947000 0.350000 13.338000
v 8.987000 0.000000 13.378000
v 8.987000 0.000000 13.298000
v 9.272000 0.000000 13.378000
v 9.272000 0.000000 13.298000
v 8.987000 0.350000 13.378000
v 8.987000 0.350000 13.298000
v 9.272000 0.350000 13.378000
v 9.272000 0.350000 13.298000
v 9.232000 0.000000 13.338000
v 9.312000 0.000000 13.338000
v 9.232000 0.000000 14.858000
v 9.312000 0.000000 14.858000
v 9.232000 0.350000 13.338000
v 9.312000 0.350000 13.338000
v 9.232000 0.350000 14.858000
v 9.312000 0.350000 14.858000
v 9.248000 0.000000 14.890000
v 9.296000 0.000000 14.826000
v 9.324000 0.000000 14.947000
v 9.372000 0.000000 14.883000
v 9.248000 0.350000 14.890000
v 9.296000 0.350000 14.826000
v 9.324000 0.350000 14.947000
v 9.372000 0.350000 14.883000
v 9.343564 0.000000 14.954753
v 9.352436 0.000000 14.875247
v 13.770564 0.000000 15.448753
v 13.779436 0.000000 15.369247
v 9.343564 0.350000 14.954753
v 9.352436 0.350000 14.875247
v 13.770564 0.350000 15.448753
v 13.779436 0.350000 15.369247
v 13.777784 0.000000 15.448903
v 13.772216 0.000000 15.369097
v 14.594784 0.000000 15.391903
v 14.589216 0.000000 15.312097
v 13.777784 0.350000 15.448903
v 13.772216 0.350000 15.369097
v 14.594784 0.350000 15.391903
v 14.589216 0.350000 15.312097
v 14.602307 0.000000 15.390649
v 14.581693 0.000000 15.313351
v 15.457307 0.000000 15.162649
v 15.436693 0.000000 15.085351
v 14.602307 0.350000 15.390649
v 14.581693 0.350000 15.313351
v 15.457307 0.350000 15.162649
v 15.436693 0.350000 15.085351
v 15.463362 0.000000 15.160500
v 15.430638 0.000000 15.087500
v 16.014362 0.000000 14.913500
v 15.981638 0.000000 14.840500
v 15.463362 0.350000 15.160500
v 15.430638 0.350000 15.087500
v 16.014362 0.350000 14.913500
v 15.981638 0.350000 14.840500
v 16.019475 0.000000 14.910746
v 15.976525 0.000000 14.843254
v 16.646475 0.000000 14.511746
v 16.603525 0.000000 14.444254
v 16.019475 0.350000 14.910746
v 15.976525 0.350000 14.843254
v 16.646475 0.350000 14.511746
v 16.603525 0.350000 14.444254
v 16.649713 0.000000 14.509453
v 16.600287 0.000000 14.446547
v 16.915713 0.000000 14.300453
v 16.866287 0.000000 14.237547
v 16.649713 0.350000 14.509453
v 16.600287 0.350000 14.446547
v 16.915713 0.350000 14.300453
v 16.866287 0.350000 14.237547
v 16.919744 0.000000 14.296817
v 16.862256 0.000000 14.241183
v 17.489744 0.000000 13.707817
v 17.432256 0.000000 13.652183
v 16.919744 0.350000 14.296817
v 16.862256 0.350000 14.241183
v 17.489744 0.350000 13.707817
v 17.432256 0.350000 13.652183
v 17.493549 0.000000 13.703250
v 17.428451 0.000000 13.656750
v 17.873549 0.000000 13.171250
v 17.808451 0.000000 13.124750
v 17.493549 0.350000 13.703250
v 17.428451 0.350000 13.656750
v 17.873549 0.350000 13.171250
v 17.808451 0.350000 13.124750
v 17.876172 0.000000 13.167051
v 17.805828 0.000000 13.128949
v 18.123172 0.000000 12.711051
v 18.052828 0.000000 12.672949
v 17.876172 0.350000 13.167051
v 17.805828 0.350000 13.128949
v 18.123172 0.350000 12.711051
v 18.052828 0.350000 12.672949
v 18.125303 0.000000 12.706440
v 18.050697 0.000000 12.677560
v 18.353303 0.000000 12.117440
v 18.278697 0.000000 12.088560
v 18.125303 0.350000 12.706440
v 18.050697 0.350000 12.677560
v 18.353303 0.350000 12.117440
v 18.278697 0.350000 12.088560
v 18.354937 0.000000 12.112162
v 18.277063 0.000000 12.093838
v 18.506937 0.000000 11.466162
v 18.429063 0.000000 11.447838
v 18.354937 0.350000 12.112162
v 18.277063 0.350000 12.093838
v 18.506937 0.350000 11.466162
v 18.429063 0.350000 11.447838
v 18.507801 0.000000 11.460980
v 18.428199 0.000000 11.453020
v 18.564801 0.000000 10.890980
v 18.485199 0.000000 10.883020
v 18.507801 0.350000 11.460980
v 18.428199 0.350000 11.453020
v 18.564801 0.350000 10.890980
v 18.485199 0.350000 10.883020
v 18.565000 0.000000 10.886887
v 18.485000 0.000000 10.887113
v 18.546000 0.000000 4.141887
v 18.466000 0.000000 4.142113
v 18.565000 0.350000 10.886887
v 18.485000 0.350000 10.887113
v 18.546000 0.350000 4.141887
v 18.466000 0.350000 4.142113
v 18.543815 0.000000 4.128960
v 18.468185 0.000000 4.155040
v 18.353815 0.000000 3.577960
v 18.278185 0.000000 3.604040
v 18.543815 0.350000 4.128960
v 18.468185 0.350000 4.155040
v 18.353815 0.350000 3.577960
v 18.278185 0.350000 3.604040
v 18.347500 0.000000 3.566348
v 18.284500 0.000000 3.615652
v 18.005500 0.000000 3.129348
v 17.942500 0.000000 3.178652
v 18.347500 0.350000 3.566348
v 18.284500 0.350000 3.615652
v 18.005500 0.350000 3.129348
v 17.942500 0.350000 3.178652
v 17.996188 0.000000 3.120718
v 17.951812 0.000000 3.187282
v 17.540188 0.000000 2.816718
v 17.495812 0.000000 2.883282
v 17.996188 0.350000 3.120718
v 17.951812 0.350000 3.187282
v 17.540188 0.350000 2.816718
v 17.495812 0.350000 2.883282
v 17.528399 0.000000 2.811375
v 17.507601 0.000000 2.888625
v 17.034399 0.000000 2.678375
v 17.013601 0.000000 2.755625
v 17.528399 0.350000 2.811375
v 17.507601 0.350000 2.888625
v 17.034399 0.350000 2.678375
v 17.013601 0.350000 2.755625
v 17.064000 0.000000 2.717000
v 16.984000 0.000000 2.717000
v 17.064000 0.000000 2.394000
v 16.984000 0.000000 2.394000
v 17.064000 0.350000 2.717000
v 16.984000 0.350000 2.717000
v 17.064000 0.350000 2.394000
v 16.984000 0.350000 2.394000
v 17.030082 0.000000 2.433535
v 17.017918 0.000000 2.354465
v 17.277082 0.000000 2.395535
v 17.264918 0.000000 2.316465
v 17.030082 0.350000 2.433535
v 17.017918 0.350000 2.354465
v 17.277082 0.350000 2.395535
v 17.264918 0.350000 2.316465
v 17.286949 0.000000 2.392683
v 17.255051 0.000000 2.319317
v 17.723949 0.000000 2.202683
v 17.692051 0.000000 2.129317
v 17.286949 0.350000 2.392683
v 17.255051 0.350000 2.319317
v 17.723949 0.350000 2.202683
v 17.692051 0.350000 2.129317
v 17.733906 0.000000 2.196478
v 17.682094 0.000000 2.135522
v 18.113906 0.000000 1.873478
v 18.062094 0.000000 1.812522
v 17.733906 0.350000 2.196478
v 17.682094 0.350000 2.135522
v 18.113906 0.350000 1.873478
v 18.062094 0.350000 1.812522
v 18.120256 0.000000 1.866655
v 18.055744 0.000000 1.819345
v 18.329256 0.000000 1.581655
v 18.264744 0.000000 1.534345
v 18.120256 0.350000 1.866655
v 18.055744 0.350000 1.819345
v 18.329256 0.350000 1.581655
v 18.264744 0.350000 1.534345
v 18.333766 0.000000 1.573757
v 18.260234 0.000000 1.542243
v 18.504766 0.000000 1.174757
v 18.431234 0.000000 1.143243
v 18.333766 0.350000 1.573757
v 18.260234 0.350000 1.542243
v 18.504766 0.350000 1.174757
v 18.431234 0.350000 1.143243
v 18.507456 0.000000 1.165576
v 18.428544 0.000000 1.152424
v 18.564456 0.000000 0.823576
v 18.485544 0.000000 0.810424
v 18.507456 0.350000 1.165576
v 18.428544 0.350000 1.152424
v 18.564456 0.350000 0.823576
v 18.485544 0.350000 0.810424
v 18.564945 0.000000 0.814898
v 18.485055 0.000000 0.819102
v 18.545945 0.000000 0.453898
v 18.466055 0.000000 0.458102
v 18.564945 0.350000 0.814898
v 18.485055 0.350000 0.819102
v 18.545945 0.350000 0.453898
v 18.466055 0.350000 0.458102
v 18.544591 0.000000 0.445475
v 18.467409 0.000000 0.466525
v 18.430591 0.000000 0.027475
v 18.353409 0.000000 0.048525
v 18.544591 0.350000 0.445475
v 18.467409 0.350000 0.466525
v 18.430591 0.350000 0.027475
v 18.353409 0.350000 0.048525
v 18.426300 0.000000 0.017420
v 18.357700 0.000000 0.058580
v 18.198300 0.000000 -0.362580
v 18.129700 0.000000 -0.321420
v 18.426300 0.350000 0.017420
v 18.357700 0.350000 0.058580
v 18.198300 0.350000 -0.362580
v 18.129700 0.350000 -0.321420
v 18.192284 0.000000 -0.370284
v 18.135716 0.000000 -0.313716
v 17.888284 0.000000 -0.674284
v 17.831716 0.000000 -0.617716
v 18.192284 0.350000 -0.370284
v 18.135716 0.350000 -0.313716
v 17.888284 0.350000 -0.674284
v 17.831716 0.350000 -0.617716
v 17.880858 0.000000 -0.680131
v 17.839142 0.000000 -0.611869
v 17.538858 0.000000 -0.889131
v 17.497142 0.000000 -0.820869
v 17.880858 0.350000 -0.680131
v 17.839142 0.350000 -0.611869
v 17.538858 0.350000 -0.889131
v 17.497142 0.350000 -0.820869
v 17.529200 0.000000 -0.893400
v 17.506800 0.000000 -0.816600
v 17.073200 0.000000 -1.026400
v 17.050800 0.000000 -0.949600
v 17.529200 0.350000 -0.893400
v 17.506800 0.350000 -0.816600
v 17.073200 0.350000 -1.026400
v 17.050800 0.350000 -0.949600
v 17.062157 0.000000 -1.028000
v 17.061843 0.000000 -0.948000
v 12.217157 0.000000 -1.047000
v 12.216843 0.000000 -0.967000
v 17.062157 0.350000 -1.028000
v 17.061843 0.350000 -0.948000
v 12.217157 0.350000 -1.047000
v 12.216843 0.350000 -0.967000
v 12.188716 0.000000 -1.035284
v 12.245284 0.000000 -0.978716
v 12.150716 0.000000 -0.997284
v 12.207284 0.000000 -0.940716
v 12.188716 0.350000 -1.035284
v 12.245284 0.350000 -0.978716
v 12.150716 0.350000 -0.997284
v 12.207284 0.350000 -0.940716
v 12.139000 0.000000 -0.969000
v 12.219000 0.000000 -0.969000
v 12.139000 0.000000 2.603000
v 12.219000 0.000000 2.603000
v 12.139000 0.350000 -0.969000
v 12.219000 0.350000 -0.969000
v 12.139000 0.350000 2.603000
v 12.219000 0.350000 2.603000
v 12.150716 0.000000 2.574716
v 12.207284 0.000000 2.631284
v 12.055716 0.000000 2.669716
v 12.112284 0.000000 2.726284
v 12.150716 0.350000 2.574716
v 12.207284 0.350000 2.631284
v 12.055716 0.350000 2.669716
v 12.112284 0.350000 2.726284
v 12.084000 0.000000 2.658000
v 12.084000 0.000000 2.738000
v 11.989000 0.000000 2.658000
v 11.989000 0.000000 2.738000
v 12.084000 0.350000 2.658000
v 12.084000 0.350000 2.738000
v 11.989000 0.350000 2.658000
v 11.989000 0.350000 2.738000
v 12.019370 0.000000 2.671968
v 11.958630 0.000000 2.724032
v 11.905370 0.000000 2.538968
v 11.844630 0.000000 2.591032
v 12.019370 0.350000 2.671968
v 11.958630 0.350000 2.724032
v 11.905370 0.350000 2.538968
v 11.844630 0.350000 2.591032
v 11.915000 0.000000 2.565000
v 11.835000 0.000000 2.565000
v 11.915000 0.000000 -0.969000
v 11.835000 0.000000 -0.969000
v 11.915000 0.350000 2.565000
v 11.835000 0.350000 2.565000
v 11.915000 0.350000 -0.969000
v 11.835000 0.350000 -0.969000
v 11.903284 0.000000 -0.997284
v 11.846716 0.000000 -0.940716
v 11.865284 0.000000 -1.035284
v 11.808716 0.000000 -0.978716
v 11.903284 0.350000 -0.997284
v 11.846716 0.350000 -0.940716
v 11.865284 0.350000 -1.035284
v 11.808716 0.350000 -0.978716
v 11.837000 0.000000 -1.047000
v 11.837000 0.000000 -0.967000
v 9.443000 0.000000 -1.047000
v 9.443000 0.000000 -0.967000
v 11.837000 0.350000 -1.047000
v 11.837000 0.350000 -0.967000
v 9.443000 0.350000 -1.047000
v 9.443000 0.350000 -0.967000
v 9.438234 0.000000 -1.046715
v 9.447766 0.000000 -0.967285
v 8.963234 0.000000 -0.989715
v 8.972766 0.000000 -0.910285
v 9.438234 0.350000 -1.046715
v 9.447766 0.350000 -0.967285
v 8.963234 0.350000 -0.989715
v 8.972766 0.350000 -0.910285
v 8.956237 0.000000 -0.988231
v 8.979763 0.000000 -0.911769
v 8.462237 0.000000 -0.836231
v 8.485763 0.000000 -0.759769
v 8.956237 0.350000 -0.988231
v 8.979763 0.350000 -0.911769
v 8.462237 0.350000 -0.836231
v 8.485763 0.350000 -0.759769
v 8.454949 0.000000 -0.833172
v 8.493051 0.000000 -0.762828
v 7.998949 0.000000 -0.586172
v 8.037051 0.000000 -0.515828
v 8.454949 0.350000 -0.833172
v 8.493051 0.350000 -0.762828
v 7.998949 0.350000 -0.586172
v 8.037051 0.350000 -0.515828
v 7.991241 0.000000 -0.580732
v 8.044759 0.000000 -0.521268
v 7.421241 0.000000 -0.067732
v 7.474759 0.000000 -0.008268
v 7.991241 0.350000 -0.580732
v 8.044759 0.350000 -0.521268
v 7.421241 0.350000 -0.067732
v 7.474759 0.350000 -0.008268
v 7.415164 0.000000 -0.060843
v 7.480836 0.000000 -0.015157
v 7.111164 0.000000 0.376157
v 7.176836 0.000000 0.421843
v 7.415164 0.350000 -0.060843
v 7.480836 0.350000 -0.015157
v 7.111164 0.350000 0.376157
v 7.176836 0.350000 0.421843
v 7.106770 0.000000 0.384374
v 7.181230 0.000000 0.413626
v 6.897770 0.000000 0.916374
v 6.972230 0.000000 0.945626
v 7.106770 0.350000 0.384374
v 7.181230 0.350000 0.413626
v 6.897770 0.350000 0.916374
v 6.972230 0.350000 0.945626
v 6.935000 0.000000 0.891000
v 6.935000 0.000000 0.971000
v 6.403000 0.000000 0.891000
v 6.403000 0.000000 0.971000
v 6.935000 0.350000 0.891000
v 6.935000 0.350000 0.971000
v 6.403000 0.350000 0.891000
v 6.403000 0.350000 0.971000
v 6.440635 0.000000 0.917451
v 6.365365 0.000000 0.944549
v 6.269635 0.000000 0.442451
v 6.194365 0.000000 0.469549
v 6.440635 0.350000 0.917451
v 6.365365 0.350000 0.944549
v 6.269635 0.350000 0.442451
v 6.194365 0.350000 0.469549
v 6.265538 0.000000 0.434200
v 6.198462 0.000000 0.477800
v 6.018538 0.000000 0.054200
v 5.951462 0.000000 0.097800
v 6.265538 0.350000 0.434200
v 6.198462 0.350000 0.477800
v 6.018538 0.350000 0.054200
v 5.951462 0.350000 0.097800
v 6.013906 0.000000 0.048351
v 5.956094 0.000000 0.103649
v 5.595906 0.000000 -0.388649
v 5.538094 0.000000 -0.333351
v 6.013906 0.350000 0.048351
v 5.956094 0.350000 0.103649
v 5.595906 0.350000 -0.388649
v 5.538094 0.350000 -0.333351
v 5.591388 0.000000 -0.392705
v 5.542612 0.000000 -0.329295
v 5.344388 0.000000 -0.582705
v 5.295612 0.000000 -0.519295
v 5.591388 0.350000 -0.392705
v 5.542612 0.350000 -0.329295
v 5.344388 0.350000 -0.582705
v 5.295612 0.350000 -0.519295
v 5.337889 0.000000 -0.586777
v 5.302111 0.000000 -0.515223
v 4.729889 0.000000 -0.890777
v 4.694111 0.000000 -0.819223
v 5.337889 0.350000 -0.586777
v 5.302111 0.350000 -0.515223
v 4.729889 0.350000 -0.890777
v 4.694111 0.350000 -0.819223
v 4.720810 0.000000 -0.894018
v 4.703190 0.000000 -0.815982
v 4.131810 0.000000 -1.027018
v 4.114190 0.000000 -0.948982
v 4.720810 0.350000 -0.894018
v 4.703190 0.350000 -0.815982
v 4.131810 0.350000 -1.027018
v 4.114190 0.350000 -0.948982
v 4.123000 0.000000 -1.028000
v 4.123000 0.000000 -0.948000
v -13.566000 0.000000 -1.028000
v -13.566000 0.000000 -0.948000
v 4.123000 0.350000 -1.028000
v 4.123000 0.350000 -0.948000
v -13.566000 0.350000 -1.028000
v -13.566000 0.350000 -0.948000
v -13.572239 0.000000 -1.027511
v -13.559761 0.000000 -0.948489
v -14.294239 0.000000 -0.913511
v -14.281761 0.000000 -0.834489
v -13.572239 0.350000 -1.027511
v -13.559761 0.350000 -0.948489
v -14.294239 0.350000 -0.913511
v -14.281761 0.350000 -0.834489
v -14.299763 0.000000 -0.912231
v -14.276237 0.000000 -0.835769
v -14.793763 0.000000 -0.760231
v -14.770237 0.000000 -0.683769
v -14.299763 0.350000 -0.912231
v -14.276237 0.350000 -0.835769
v -14.793763 0.350000 -0.760231
v -14.770237 0.350000 -0.683769
v -14.798700 0.000000 -0.758347
v -14.765300 0.000000 -0.685653
v -15.501700 0.000000 -0.435347
v -15.468300 0.000000 -0.362653
v -14.798700 0.350000 -0.758347
v -14.765300 0.350000 -0.685653
v -15.501700 0.350000 -0.435347
v -15.468300 0.350000 -0.362653
v -15.506360 0.000000 -0.432820
v -15.463640 0.000000 -0.365180
v -15.867360 0.000000 -0.204820
v -15.824640 0.000000 -0.137180
v -15.506360 0.350000 -0.432820
v -15.463640 0.350000 -0.365180
v -15.867360 0.350000 -0.204820
v -15.824640 0.350000 -0.137180
v -15.870988 0.000000 -0.202235
v -15.821012 0.000000 -0.139765
v -16.345988 0.000000 0.177765
v -16.296012 0.000000 0.240235
v -15.870988 0.350000 -0.202235
v -15.821012 0.350000 -0.139765
v -16.345988 0.350000 0.177765
v -16.296012 0.350000 0.240235
v -16.350211 0.000000 0.181674
v -16.291789 0.000000 0.236326
v -16.901211 0.000000 0.770674
v -16.842789 0.000000 0.825326
v -16.350211 0.350000 0.181674
v -16.291789 0.350000 0.236326
v -16.901211 0.350000 0.770674
v -16.842789 0.350000 0.825326
v -16.905117 0.000000 0.775566
v -16.838883 0.000000 0.820434
v -17.304117 0.000000 1.364566
v -17.237883 0.000000 1.409434
v -16.905117 0.350000 0.775566
v -16.838883 0.350000 0.820434
v -17.304117 0.350000 1.364566
v -17.237883 0.350000 1.409434
v -17.307040 0.000000 1.369647
v -17.234960 0.000000 1.404353
v -17.554040 0.000000 1.882647
v -17.481960 0.000000 1.917353
v -17.307040 0.350000 1.369647
v -17.234960 0.350000 1.404353
v -17.554040 0.350000 1.882647
v -17.481960 0.350000 1.917353
v -17.555827 0.000000 1.886997
v -17.480173 0.000000 1.913003
v -17.764827 0.000000 2.494997
v -17.689173 0.000000 2.521003
v -17.555827 0.350000 1.886997
v -17.480173 0.350000 1.913003
v -17.764827 0.350000 2.494997
v -17.689173 0.350000 2.521003
v -17.766087 0.000000 2.499503
v -17.687913 0.000000 2.516497
v -17.861087 0.000000 2.936503
v -17.782913 0.000000 2.953497
v -17.766087 0.350000 2.499503
v -17.687913 0.350000 2.516497
v -17.861087 0.350000 2.936503
v -17.782913 0.350000 2.953497
v -17.861801 0.000000 2.941020
v -17.782199 0.000000 2.948980
v -17.918801 0.000000 3.511020
v -17.839199 0.000000 3.518980
v -17.861801 0.350000 2.941020
v -17.782199 0.350000 2.948980
v -17.918801 0.350000 3.511020
v -17.839199 0.350000 3.518980
v -17.919000 0.000000 3.515000
v -17.839000 0.000000 3.515000
v -17.919000 0.000000 10.108000
v -17.839000 0.000000 10.108000
v -17.919000 0.350000 3.515000
v -17.839000 0.350000 3.515000
v -17.919000 0.350000 10.108000
v -17.839000 0.350000 10.108000
v -17.918456 0.000000 10.114576
v -17.839544 0.000000 10.101424
v -17.861456 0.000000 10.456576
v -17.782544 0.000000 10.443424
v -17.918456 0.350000 10.114576
v -17.839544 0.350000 10.101424
v -17.861456 0.350000 10.456576
v -17.782544 0.350000 10.443424
v -17.858022 0.000000 10.467390
v -17.785978 0.000000 10.432610
v -17.592022 0.000000 11.018390
v -17.519978 0.000000 10.983610
v -17.858022 0.350000 10.467390
v -17.785978 0.350000 10.432610
v -17.592022 0.350000 11.018390
v -17.519978 0.350000 10.983610
v -17.584284 0.000000 11.029284
v -17.527716 0.000000 10.972716
v -17.185284 0.000000 11.428284
v -17.128716 0.000000 11.371716
v -17.584284 0.350000 11.029284
v -17.527716 0.350000 10.972716
v -17.185284 0.350000 11.428284
v -17.128716 0.350000 11.371716
v -17.175503 0.000000 11.435463
v -17.138497 0.000000 11.364537
v -16.738503 0.000000 11.663463
v -16.701497 0.000000 11.592537
v -17.175503 0.350000 11.435463
v -17.138497 0.350000 11.364537
v -16.738503 0.350000 11.663463
v -16.701497 0.350000 11.592537
v -16.729701 0.000000 11.666806
v -16.710299 0.000000 11.589194
v -16.501701 0.000000 11.723806
v -16.482299 0.000000 11.646194
v -16.729701 0.350000 11.666806
v -16.710299 0.350000 11.589194
v -16.501701 0.350000 11.723806
v -16.482299 0.350000 11.646194
v -16.493249 0.000000 11.724980
v -16.490751 0.000000 11.645020
v -15.885249 0.000000 11.743980
v -15.882751 0.000000 11.664020
v -16.493249 0.350000 11.724980
v -16.490751 0.350000 11.645020
v -15.885249 0.350000 11.743980
v -15.882751 0.350000 11.664020
v -15.924000 0.000000 11.704000
v -15.844000 0.000000 11.704000
v -15.924000 0.000000 12.008000
v -15.844000 0.000000 12.008000
v -15.924000 0.350000 11.704000
v -15.844000 0.350000 11.704000
v -15.924000 0.350000 12.008000
v -15.844000 0.350000 12.008000
v -15.884000 0.000000 11.968000
v -15.884000 0.000000 12.048000
v -16.435000 0.000000 11.968000
v -16.435000 0.000000 12.048000
v -15.884000 0.350000 11.968000
v -15.884000 0.350000 12.048000
v -16.435000 0.350000 11.968000
v -16.435000 0.350000 12.048000
v -16.445706 0.000000 11.969459
v -16.424294 0.000000 12.046541
v -16.787706 0.000000 12.064459
v -16.766294 0.000000 12.141541
v -16.445706 0.350000 11.969459
v -16.424294 0.350000 12.046541
v -16.787706 0.350000 12.064459
v -16.766294 0.350000 12.141541
v -16.797155 0.000000 12.068449
v -16.756845 0.000000 12.137551
v -17.253155 0.000000 12.334449
v -17.212845 0.000000 12.403551
v -16.797155 0.350000 12.068449
v -16.756845 0.350000 12.137551
v -17.253155 0.350000 12.334449
v -17.212845 0.350000 12.403551
v -17.262038 0.000000 12.341490
v -17.203962 0.000000 12.396510
v -17.604038 0.000000 12.702490
v -17.545962 0.000000 12.757510
v -17.262038 0.350000 12.341490
v -17.203962 0.350000 12.396510
v -17.604038 0.350000 12.702490
v -17.545962 0.350000 12.757510
v -17.610777 0.000000 12.712111
v -17.539223 0.000000 12.747889
v -17.838777 0.000000 13.168111
v -17.767223 0.000000 13.203889
v -17.610777 0.350000 12.712111
v -17.539223 0.350000 12.747889
v -17.838777 0.350000 13.168111
v -17.767223 0.350000 13.203889
v -17.842294 0.000000 13.178516
v -17.763706 0.000000 13.193484
v -17.918294 0.000000 13.577516
v -17.839706 0.000000 13.592484
v -17.842294 0.350000 13.178516
v -17.763706 0.350000 13.193484
v -17.918294 0.350000 13.577516
v -17.839706 0.350000 13.592484
v -17.918945 0.000000 13.587102
v -17.839055 0.000000 13.582898
v -17.899945 0.000000 13.948102
v -17.820055 0.000000 13.943898
v -17.918945 0.350000 13.587102
v -17.839055 0.350000 13.582898
v -17.899945 0.350000 13.948102
v -17.820055 0.350000 13.943898
v -17.898591 0.000000 13.956525
v -17.821409 0.000000 13.935475
v -17.784591 0.000000 14.374525
v -17.707409 0.000000 14.353475
v -17.898591 0.350000 13.956525
v -17.821409 0.350000 13.935475
v -17.784591 0.350000 14.374525
v -17.707409 0.350000 14.353475
v -17.992046 0.000000 14.430911
v -18.069954 0.000000 14.449089
v -18.125046 0.000000 13.860911
v -18.202954 0.000000 13.879089
v -17.992046 0.350000 14.430911
v -18.069954 0.350000 14.449089
v -18.125046 0.350000 13.860911
v -18.202954 0.350000 13.879089
v -18.124032 0.000000 13.871599
v -18.203968 0.000000 13.868401
v -18.105032 0.000000 13.396599
v -18.184968 0.000000 13.393401
v -18.124032 0.350000 13.871599
v -18.203968 0.350000 13.868401
v -18.105032 0.350000 13.396599
v -18.184968 0.350000 13.393401
v -18.106295 0.000000 13.405097
v -18.183705 0.000000 13.384903
v -17.992295 0.000000 12.968097
v -18.069705 0.000000 12.947903
v -18.106295 0.350000 13.405097
v -18.183705 0.350000 13.384903
v -17.992295 0.350000 12.968097
v -18.069705 0.350000 12.947903
v -17.995223 0.000000 12.975889
v -18.066777 0.000000 12.940111
v -17.843223 0.000000 12.671889
v -17.914777 0.000000 12.636111
v -17.995223 0.350000 12.975889
v -18.066777 0.350000 12.940111
v -17.843223 0.350000 12.671889
v -17.914777 0.350000 12.636111
v -17.847000 0.000000 12.678000
v -17.911000 0.000000 12.630000
v -17.619000 0.000000 12.374000
v -17.683000 0.000000 12.326000
v -17.847000 0.350000 12.678000
v -17.911000 0.350000 12.630000
v -17.619000 0.350000 12.374000
v -17.683000 0.350000 12.326000
v -17.623869 0.000000 12.379392
v -17.678131 0.000000 12.320608
v -17.376869 0.000000 12.151392
v -17.431131 0.000000 12.092608
v -17.623869 0.350000 12.379392
v -17.678131 0.350000 12.320608
v -17.376869 0.350000 12.151392
v -17.431131 0.350000 12.092608
v -17.383202 0.000000 12.156168
v -17.424798 0.000000 12.087832
v -16.946202 0.000000 11.890168
v -16.987798 0.000000 11.821832
v -17.383202 0.350000 12.156168
v -17.424798 0.350000 12.087832
v -16.946202 0.350000 11.890168
v -16.987798 0.350000 11.821832
v -16.945946 0.000000 11.821989
v -16.988054 0.000000 11.890011
v -17.344946 0.000000 11.574989
v -17.387054 0.000000 11.643011
v -16.945946 0.350000 11.821989
v -16.988054 0.350000 11.890011
v -17.344946 0.350000 11.574989
v -17.387054 0.350000 11.643011
v -17.338490 0.000000 11.579962
v -17.393510 0.000000 11.638038
v -17.699490 0.000000 11.237962
v -17.754510 0.000000 11.296038
v -17.338490 0.350000 11.579962
v -17.393510 0.350000 11.638038
v -17.699490 0.350000 11.237962
v -17.754510 0.350000 11.296038
v -17.692270 0.000000 11.247154
v -17.761730 0.000000 11.286846
v -17.996270 0.000000 10.715154
v -18.065730 0.000000 10.754846
v -17.692270 0.350000 11.247154
v -17.761730 0.350000 11.286846
v -17.996270 0.350000 10.715154
v -18.065730 0.350000 10.754846
v -17.992046 0.000000 10.725911
v -18.069954 0.000000 10.744089
v -18.125046 0.000000 10.155911
v -18.202954 0.000000 10.174089
v -17.992046 0.350000 10.725911
v -18.069954 0.350000 10.744089
v -18.125046 0.350000 10.155911
v -18.202954 0.350000 10.174089
v -18.124000 0.000000 10.165000
v -18.204000 0.000000 10.165000
v -18.124000 0.000000 3.439000
v -18.204000 0.000000 3.439000
v -18.124000 0.350000 10.165000
v -18.204000 0.350000 10.165000
v -18.124000 0.350000 3.439000
v -18.204000 0.350000 3.439000
v -18.124274 0.000000 3.443674
v -18.203726 0.000000 3.434326
v -18.048274 0.000000 2.797674
v -18.127726 0.000000 2.788326
v -18.124274 0.350000 3.443674
v -18.203726 0.350000 3.434326
v -18.048274 0.350000 2.797674
v -18.127726 0.350000 2.788326
v -18.049117 0.000000 2.802386
v -18.126883 0.000000 2.783614
v -17.916117 0.000000 2.251386
v -17.993883 0.000000 2.232614
v -18.049117 0.350000 2.802386
v -18.126883 0.350000 2.783614
v -17.916117 0.350000 2.251386
v -17.993883 0.350000 2.232614
v -17.917547 0.000000 2.256045
v -17.992453 0.000000 2.227955
v -17.689547 0.000000 1.648045
v -17.764453 0.000000 1.619955
v -17.917547 0.350000 2.256045
v -17.992453 0.350000 2.227955
v -17.689547 0.350000 1.648045
v -17.764453 0.350000 1.619955
v -17.692034 0.000000 1.653426
v -17.761966 0.000000 1.614574
v -17.312034 0.000000 0.969426
v -17.381966 0.000000 0.930574
v -17.692034 0.350000 1.653426
v -17.761966 0.350000 1.614574
v -17.312034 0.350000 0.969426
v -17.381966 0.350000 0.930574
v -17.315000 0.000000 0.974000
v -17.379000 0.000000 0.926000
v -16.973000 0.000000 0.518000
v -17.037000 0.000000 0.470000
v -17.315000 0.350000 0.974000
v -17.379000 0.350000 0.926000
v -16.973000 0.350000 0.518000
v -17.037000 0.350000 0.470000
v -16.976167 0.000000 0.521724
v -17.033833 0.000000 0.466276
v -16.501167 0.000000 0.027724
v -16.558833 0.000000 -0.027724
v -16.976167 0.350000 0.521724
v -17.033833 0.350000 0.466276
v -16.501167 0.350000 0.027724
v -16.558833 0.350000 -0.027724
v -16.505374 0.000000 0.031521
v -16.554626 0.000000 -0.031521
v -15.897374 0.000000 -0.443479
v -15.946626 0.000000 -0.506521
v -16.505374 0.350000 0.031521
v -16.554626 0.350000 -0.031521
v -15.897374 0.350000 -0.443479
v -15.946626 0.350000 -0.506521
v -15.901420 0.000000 -0.440700
v -15.942580 0.000000 -0.509300
v -15.521420 0.000000 -0.668700
v -15.562580 0.000000 -0.737300
v -15.901420 0.350000 -0.440700
v -15.942580 0.350000 -0.509300
v -15.521420 0.350000 -0.668700
v -15.562580 0.350000 -0.737300
v -15.525754 0.000000 -0.666448
v -15.558246 0.000000 -0.739552
v -14.841754 0.000000 -0.970448
v -14.874246 0.000000 -1.043552
v -15.525754 0.350000 -0.666448
v -15.558246 0.350000 -0.739552
v -14.841754 0.350000 -0.970448
v -14.874246 0.350000 -1.043552
v -14.847866 0.000000 -0.968305
v -14.868134 0.000000 -1.045695
v -14.049866 0.000000 -1.177305
v -14.070134 0.000000 -1.254695
v -14.847866 0.350000 -0.968305
v -14.868134 0.350000 -1.045695
v -14.049866 0.350000 -1.177305
v -14.070134 0.350000 -1.254695
v -14.055583 0.000000 -1.176245
v -14.064417 0.000000 -1.255755
v -13.371583 0.000000 -1.252245
v -13.380417 0.000000 -1.331755
v -14.055583 0.350000 -1.176245
v -14.064417 0.350000 -1.255755
v -13.371583 0.350000 -1.252245
v -13.380417 0.350000 -1.331755
v -13.376000 0.000000 -1.252000
v -13.376000 0.000000 -1.332000
v 3.971000 0.000000 -1.252000
v 3.971000 0.000000 -1.332000
v -13.376000 0.350000 -1.252000
v -13.376000 0.350000 -1.332000
v 3.971000 0.350000 -1.252000
v 3.971000 0.350000 -1.332000
v 3.964105 0.000000 -1.252599
v 3.977895 0.000000 -1.331401
v 4.724105 0.000000 -1.119599
v 4.737895 0.000000 -1.198401
v 3.964105 0.350000 -1.252599
v 3.977895 0.350000 -1.331401
v 4.724105 0.350000 -1.119599
v 4.737895 0.350000 -1.198401
v 4.715243 0.000000 -1.122234
v 4.746757 0.000000 -1.195766
v 5.247243 0.000000 -0.894234
v 5.278757 0.000000 -0.967766
v 4.715243 0.350000 -1.122234
v 4.746757 0.350000 -1.195766
v 5.247243 0.350000 -0.894234
v 5.278757 0.350000 -0.967766
v 5.241200 0.000000 -0.897462
v 5.284800 0.000000 -0.964538
v 5.621200 0.000000 -0.650462
v 5.664800 0.000000 -0.717538
v 5.241200 0.350000 -0.897462
v 5.284800 0.350000 -0.964538
v 5.621200 0.350000 -0.650462
v 5.664800 0.350000 -0.717538
v 5.614716 0.000000 -0.655716
v 5.671284 0.000000 -0.712284
v 6.184716 0.000000 -0.085716
v 6.241284 0.000000 -0.142284
v 5.614716 0.350000 -0.655716
v 5.671284 0.350000 -0.712284
v 6.184716 0.350000 -0.085716
v 6.241284 0.350000 -0.142284
v 6.179718 0.000000 -0.091812
v 6.246282 0.000000 -0.136188
v 6.407718 0.000000 0.250188
v 6.474282 0.000000 0.205812
v 6.179718 0.350000 -0.091812
v 6.246282 0.350000 -0.136188
v 6.407718 0.350000 0.250188
v 6.474282 0.350000 0.205812
v 6.404682 0.000000 0.244762
v 6.477318 0.000000 0.211238
v 6.632682 0.000000 0.738762
v 6.705318 0.000000 0.705238
v 6.404682 0.350000 0.244762
v 6.477318 0.350000 0.211238
v 6.632682 0.350000 0.738762
v 6.705318 0.350000 0.705238
v 6.704777 0.000000 0.739889
v 6.633223 0.000000 0.704111
v 7.027777 0.000000 0.093889
v 6.956223 0.000000 0.058111
v 6.704777 0.350000 0.739889
v 6.633223 0.350000 0.704111
v 7.027777 0.350000 0.093889
v 6.956223 0.350000 0.058111
v 7.023774 0.000000 0.100298
v 6.960226 0.000000 0.051702
v 7.270774 0.000000 -0.222702
v 7.207226 0.000000 -0.271298
v 7.023774 0.350000 0.100298
v 6.960226 0.350000 0.051702
v 7.270774 0.350000 -0.222702
v 7.207226 0.350000 -0.271298
v 7.267284 0.000000 -0.218716
v 7.210716 0.000000 -0.275284
v 7.647284 0.000000 -0.598716
v 7.590716 0.000000 -0.655284
v 7.267284 0.350000 -0.218716
v 7.210716 0.350000 -0.275284
v 7.647284 0.350000 -0.598716
v 7.590716 0.350000 -0.655284
v 7.640200 0.000000 -0.593080
v 7.597800 0.000000 -0.660920
v 8.248200 0.000000 -0.973080
v 8.205800 0.000000 -1.040920
v 7.640200 0.350000 -0.593080
v 7.597800 0.350000 -0.660920
v 8.248200 0.350000 -0.973080
v 8.205800 0.350000 -1.040920
v 8.239649 0.000000 -0.969053
v 8.214351 0.000000 -1.044947
v 8.923649 0.000000 -1.197053
v 8.898351 0.000000 -1.272947
v 8.239649 0.350000 -0.969053
v 8.214351 0.350000 -1.044947
v 8.923649 0.350000 -1.197053
v 8.898351 0.350000 -1.272947
v 8.915961 0.000000 -1.195309
v 8.906039 0.000000 -1.274691
v 9.371961 0.000000 -1.252309
v 9.362039 0.000000 -1.331691
v 8.915961 0.350000 -1.195309
v 8.906039 0.350000 -1.274691
v 9.371961 0.350000 -1.252309
v 9.362039 0.350000 -1.331691
v 9.367000 0.000000 -1.252000
v 9.367000 0.000000 -1.332000
v 16.948000 0.000000 -1.252000
v 16.948000 0.000000 -1.332000
v 9.367000 0.350000 -1.252000
v 9.367000 0.350000 -1.332000
v 16.948000 0.350000 -1.252000
v 16.948000 0.350000 -1.332000
v 16.938838 0.000000 -1.253063
v 16.957162 0.000000 -1.330937
v 17.584838 0.000000 -1.101063
v 17.603162 0.000000 -1.178937
v 16.938838 0.350000 -1.253063
v 16.957162 0.350000 -1.330937
v 17.584838 0.350000 -1.101063
v 17.603162 0.350000 -1.178937
v 17.574723 0.000000 -1.104951
v 17.613277 0.000000 -1.175049
v 17.954723 0.000000 -0.895951
v 17.993277 0.000000 -0.966049
v 17.574723 0.350000 -1.104951
v 17.613277 0.350000 -1.175049
v 17.954723 0.350000 -0.895951
v 17.993277 0.350000 -0.966049
v 17.945716 0.000000 -0.902716
v 18.002284 0.000000 -0.959284
v 18.420716 0.000000 -0.427716
v 18.477284 0.000000 -0.484284
v 17.945716 0.350000 -0.902716
v 18.002284 0.350000 -0.959284
v 18.420716 0.350000 -0.427716
v 18.477284 0.350000 -0.484284
v 18.413884 0.000000 -0.436846
v 18.484116 0.000000 -0.475154
v 18.641884 0.000000 -0.018846
v 18.712116 0.000000 -0.057154
v 18.413884 0.350000 -0.436846
v 18.484116 0.350000 -0.475154
v 18.641884 0.350000 -0.018846
v 18.712116 0.350000 -0.057154
v 18.638046 0.000000 -0.028911
v 18.715954 0.000000 -0.047089
v 18.771046 0.000000 0.541089
v 18.848954 0.000000 0.522911
v 18.638046 0.350000 -0.028911
v 18.715954 0.350000 -0.047089
v 18.771046 0.350000 0.541089
v 18.848954 0.350000 0.522911
v 18.770032 0.000000 0.530401
v 18.849968 0.000000 0.533599
v 18.751032 0.000000 1.005401
v 18.830968 0.000000 1.008599
v 18.770032 0.350000 0.530401
v 18.849968 0.350000 0.533599
v 18.751032 0.350000 1.005401
v 18.830968 0.350000 1.008599
v 18.752295 0.000000 0.996903
v 18.829705 0.000000 1.017097
v 18.638295 0.000000 1.433903
v 18.715705 0.000000 1.454097
v 18.752295 0.350000 0.996903
v 18.829705 0.350000 1.017097
v 18.638295 0.350000 1.433903
v 18.715705 0.350000 1.454097
v 18.642492 0.000000 1.423771
v 18.711508 0.000000 1.464229
v 18.319492 0.000000 1.974771
v 18.388508 0.000000 2.015229
v 18.642492 0.350000 1.423771
v 18.711508 0.350000 1.464229
v 18.319492 0.350000 1.974771
v 18.388508 0.350000 2.015229
v 18.326585 0.000000 1.965872
v 18.381415 0.000000 2.024128
v 18.003585 0.000000 2.269872
v 18.058415 0.000000 2.328128
v 18.326585 0.350000 1.965872
v 18.381415 0.350000 2.024128
v 18.003585 0.350000 2.269872
v 18.058415 0.350000 2.328128
v 18.008812 0.000000 2.265718
v 18.053188 0.000000 2.332282
v 17.609812 0.000000 2.531718
v 17.654188 0.000000 2.598282
v 18.008812 0.350000 2.265718
v 18.053188 0.350000 2.332282
v 17.609812 0.350000 2.531718
v 17.654188 0.350000 2.598282
v 17.610110 0.000000 2.598479
v 17.653890 0.000000 2.531521
v 18.104110 0.000000 2.921479
v 18.147890 0.000000 2.854521
v 17.610110 0.350000 2.598479
v 17.653890 0.350000 2.531521
v 18.104110 0.350000 2.921479
v 18.147890 0.350000 2.854521
v 18.095816 0.000000 2.914247
v 18.156184 0.000000 2.861753
v 18.475816 0.000000 3.351247
v 18.536184 0.000000 3.298753
v 18.095816 0.350000 2.914247
v 18.156184 0.350000 2.861753
v 18.475816 0.350000 3.351247
v 18.536184 0.350000 3.298753
v 18.470223 0.000000 3.342889
v 18.541777 0.000000 3.307111
v 18.641223 0.000000 3.684889
v 18.712777 0.000000 3.649111
v 18.470223 0.350000 3.342889
v 18.541777 0.350000 3.307111
v 18.641223 0.350000 3.684889
v 18.712777 0.350000 3.649111
v 18.638046 0.000000 3.676089
v 18.715954 0.000000 3.657911
v 18.771046 0.000000 4.246089
v 18.848954 0.000000 4.227911
v 18.638046 0.350000 3.676089
v 18.715954 0.350000 3.657911
v 18.771046 0.350000 4.246089
v 18.848954 0.350000 4.227911
v 18.770000 0.000000 4.237000
v 18.850000 0.000000 4.237000
v 18.770000 0.000000 10.982000
v 18.850000 0.000000 10.982000
v 18.770000 0.350000 4.237000
v 18.850000 0.350000 4.237000
v 18.770000 0.350000 10.982000
v 18.850000 0.350000 10.982000
v 18.770228 0.000000 10.977739
v 18.849772 0.000000 10.986261
v 18.713228 0.000000 11.509739
v 18.792772 0.000000 11.518261
v 18.770228 0.350000 10.977739
v 18.849772 0.350000 10.986261
v 18.713228 0.350000 11.509739
v 18.792772 0.350000 11.518261
v 18.714488 0.000000 11.503190
v 18.791512 0.000000 11.524810
v 18.410488 0.000000 12.586190
v 18.487512 0.000000 12.607810
v 18.714488 0.350000 11.503190
v 18.791512 0.350000 11.524810
v 18.410488 0.350000 12.586190
v 18.487512 0.350000 12.607810
v 18.413223 0.000000 12.579111
v 18.484777 0.000000 12.614889
v 18.090223 0.000000 13.225111
v 18.161777 0.000000 13.260889
v 18.413223 0.350000 12.579111
v 18.484777 0.350000 12.614889
v 18.090223 0.350000 13.225111
v 18.161777 0.350000 13.260889
v 18.092718 0.000000 13.220812
v 18.159282 0.000000 13.265188
v 17.788718 0.000000 13.676812
v 17.855282 0.000000 13.721188
v 18.092718 0.350000 13.220812
v 18.159282 0.350000 13.265188
v 17.788718 0.350000 13.676812
v 17.855282 0.350000 13.721188
v 17.791271 0.000000 13.673393
v 17.852729 0.000000 13.724607
v 17.411271 0.000000 14.129393
v 17.472729 0.000000 14.180607
v 17.791271 0.350000 13.673393
v 17.852729 0.350000 13.724607
v 17.411271 0.350000 14.129393
v 17.472729 0.350000 14.180607
v 17.415595 0.000000 14.124953
v 17.468405 0.000000 14.185047
v 16.788595 0.000000 14.675953
v 16.841405 0.000000 14.736047
v 17.415595 0.350000 14.124953
v 17.468405 0.350000 14.185047
v 16.788595 0.350000 14.675953
v 16.841405 0.350000 14.736047
v 16.793315 0.000000 14.672388
v 16.836685 0.000000 14.739612
v 16.204315 0.000000 15.052388
v 16.247685 0.000000 15.119612
v 16.793315 0.350000 14.672388
v 16.836685 0.350000 14.739612
v 16.204315 0.350000 15.052388
v 16.247685 0.350000 15.119612
v 16.208647 0.000000 15.049960
v 16.243353 0.000000 15.122040
v 15.695647 0.000000 15.296960
v 15.730353 0.000000 15.369040
v 16.208647 0.350000 15.049960
v 16.243353 0.350000 15.122040
v 15.695647 0.350000 15.296960
v 15.730353 0.350000 15.369040
v 15.700351 0.000000 15.295053
v 15.725649 0.000000 15.370947
v 15.073351 0.000000 15.504053
v 15.098649 0.000000 15.579947
v 15.700351 0.350000 15.295053
v 15.725649 0.350000 15.370947
v 15.073351 0.350000 15.504053
v 15.098649 0.350000 15.579947
v 15.077503 0.000000 15.502913
v 15.094497 0.000000 15.581087
v 14.640503 0.000000 15.597913
v 14.657497 0.000000 15.676087
v 15.077503 0.350000 15.502913
v 15.094497 0.350000 15.581087
v 14.640503 0.350000 15.597913
v 14.657497 0.350000 15.676087
v 14.646556 0.000000 15.597075
v 14.651444 0.000000 15.676925
v 13.715556 0.000000 15.654075
v 13.720444 0.000000 15.733925
v 14.646556 0.350000 15.597075
v 14.651444 0.350000 15.676925
v 13.715556 0.350000 15.654075
v 13.720444 0.350000 15.733925
v 13.722512 0.000000 15.654255
v 13.713488 0.000000 15.733745
v 5.020512 0.000000 14.666255
v 5.011488 0.000000 14.745745
v 13.722512 0.350000 15.654255
v 13.713488 0.350000 15.733745
v 5.020512 0.350000 14.666255
v 5.011488 0.350000 14.745745
v 5.017333 0.000000 14.666022
v 5.014667 0.000000 14.745978
v 4.447333 0.000000 14.647022
v 4.444667 0.000000 14.726978
v 5.017333 0.350000 14.666022
v 5.014667 0.350000 14.745978
v 4.447333 0.350000 14.647022
v 4.444667 0.350000 14.726978
v 4.453246 0.000000 14.647662
v 4.438754 0.000000 14.726338
v 3.731246 0.000000 14.514662
v 3.716754 0.000000 14.593338
v 4.453246 0.350000 14.647662
v 4.438754 0.350000 14.726338
v 3.731246 0.350000 14.514662
v 3.716754 0.350000 14.593338
v 3.737141 0.000000 14.516220
v 3.710859 0.000000 14.591780
v 3.300141 0.000000 14.364220
v 3.273859 0.000000 14.439780
v 3.737141 0.350000 14.516220
v 3.710859 0.350000 14.591780
v 3.300141 0.350000 14.364220
v 3.273859 0.350000 14.439780
v 3.305346 0.000000 14.366455
v 3.268654 0.000000 14.437545
v 2.716346 0.000000 14.062455
v 2.679654 0.000000 14.133545
v 3.305346 0.350000 14.366455
v 3.268654 0.350000 14.437545
v 2.716346 0.350000 14.062455
v 2.679654 0.350000 14.133545
v 2.722000 0.000000 14.066000
v 2.674000 0.000000 14.130000
v 2.190000 0.000000 13.667000
v 2.142000 0.000000 13.731000
v 2.722000 0.350000 14.066000
v 2.674000 0.350000 14.130000
v 2.190000 0.350000 13.667000
v 2.142000 0.350000 13.731000
v 2.195276 0.000000 13.671743
v 2.136724 0.000000 13.726257
v 1.682276 0.000000 13.120743
v 1.623724 0.000000 13.175257
v 2.195276 0.350000 13.671743
v 2.136724 0.350000 13.726257
v 1.682276 0.350000 13.120743
v 1.623724 0.350000 13.175257
v 1.686746 0.000000 13.126525
v 1.619254 0.000000 13.169475
v 1.287746 0.000000 12.499525
v 1.220254 0.000000 12.542475
v 1.686746 0.350000 13.126525
v 1.619254 0.350000 13.169475
v 1.287746 0.350000 12.499525
v 1.220254 0.350000 12.542475
v 1.290766 0.000000 12.505243
v 1.217234 0.000000 12.536757
v 1.062766 0.000000 11.973243
v 0.989234 0.000000 12.004757
v 1.290766 0.350000 12.505243
v 1.217234 0.350000 12.536757
v 1.062766 0.350000 11.973243
v 0.989234 0.350000 12.004757
v 1.064806 0.000000 11.979299
v 0.987194 0.000000 11.998701
v 0.912806 0.000000 11.371299
v 0.835194 0.000000 11.390701
v 1.064806 0.350000 11.979299
v 0.987194 0.350000 11.998701
v 0.912806 0.350000 11.371299
v 0.835194 0.350000 11.390701
v 0.913726 0.000000 11.376326
v 0.834274 0.000000 11.385674
v 0.875726 0.000000 11.053326
v 0.796274 0.000000 11.062674
v 0.913726 0.350000 11.376326
v 0.834274 0.350000 11.385674
v 0.875726 0.350000 11.053326
v 0.796274 0.350000 11.062674
v 0.876000 0.000000 11.058000
v 0.796000 0.000000 11.058000
v 0.876000 0.000000 9.614000
v 0.796000 0.000000 9.614000
v 0.876000 0.350000 11.058000
v 0.796000 0.350000 11.058000
v 0.876000 0.350000 9.614000
v 0.796000 0.350000 9.614000
v 0.867235 0.000000 9.589012
v 0.804765 0.000000 9.638988
v 0.791235 0.000000 9.494012
v 0.728765 0.000000 9.543988
v 0.867235 0.350000 9.589012
v 0.804765 0.350000 9.638988
v 0.791235 0.350000 9.494012
v 0.728765 0.350000 9.543988
v 0.732299 0.000000 9.490145
v 0.787701 0.000000 9.547855
v -0.217701 0.000000 10.402145
v -0.162299 0.000000 10.459855
v 0.732299 0.350000 9.490145
v 0.787701 0.350000 9.547855
v -0.217701 0.350000 10.402145
v -0.162299 0.350000 10.459855
v -0.230000 0.000000 10.431000
v -0.150000 0.000000 10.431000
v -0.230000 0.000000 13.015000
v -0.150000 0.000000 13.015000
v -0.230000 0.350000 10.431000
v -0.150000 0.350000 10.431000
v -0.230000 0.350000 13.015000
v -0.150000 0.350000 13.015000
v -0.229223 0.000000 13.007155
v -0.150777 0.000000 13.022845
v -0.343223 0.000000 13.577155
v -0.264777 0.000000 13.592845
v -0.229223 0.350000 13.007155
v -0.150777 0.350000 13.022845
v -0.343223 0.350000 13.577155
v -0.264777 0.350000 13.592845
v -0.340961 0.000000 13.569706
v -0.267039 0.000000 13.600294
v -0.568961 0.000000 14.120706
v -0.495039 0.000000 14.151294
v -0.340961 0.350000 13.569706
v -0.267039 0.350000 13.600294
v -0.568961 0.350000 14.120706
v -0.495039 0.350000 14.151294
v -0.565077 0.000000 14.113508
v -0.498923 0.000000 14.158492
v -0.888077 0.000000 14.588508
v -0.821923 0.000000 14.633492
v -0.565077 0.350000 14.113508
v -0.498923 0.350000 14.158492
v -0.888077 0.350000 14.588508
v -0.821923 0.350000 14.633492
v -0.883284 0.000000 14.582716
v -0.826716 0.000000 14.639284
v -1.301284 0.000000 15.000716
v -1.244716 0.000000 15.057284
v -0.883284 0.350000 14.582716
v -0.826716 0.350000 14.639284
v -1.301284 0.350000 15.000716
v -1.244716 0.350000 15.057284
v -1.293858 0.000000 14.994869
v -1.252142 0.000000 15.063131
v -1.977858 0.000000 15.412869
v -1.936142 0.000000 15.481131
v -1.293858 0.350000 14.994869
v -1.252142 0.350000 15.063131
v -1.977858 0.350000 15.412869
v -1.936142 0.350000 15.481131
v -1.969649 0.000000 15.409053
v -1.944351 0.000000 15.484947
v -2.539649 0.000000 15.599053
v -2.514351 0.000000 15.674947
v -1.969649 0.350000 15.409053
v -1.944351 0.350000 15.484947
v -2.539649 0.350000 15.599053
v -2.514351 0.350000 15.674947
v -2.532657 0.000000 15.597402
v -2.521343 0.000000 15.676598
v -2.931657 0.000000 15.654402
v -2.920343 0.000000 15.733598
v -2.532657 0.350000 15.597402
v -2.521343 0.350000 15.676598
v -2.931657 0.350000 15.654402
v -2.920343 0.350000 15.733598
v -2.924824 0.000000 15.654017
v -2.927176 0.000000 15.733983
v -3.570824 0.000000 15.635017
v -3.573176 0.000000 15.714983
v -2.924824 0.350000 15.654017
v -2.927176 0.350000 15.733983
v -3.570824 0.350000 15.635017
v -3.573176 0.350000 15.714983
v -3.563323 0.000000 15.635953
v -3.580677 0.000000 15.714047
v -4.076323 0.000000 15.521953
v -4.093677 0.000000 15.600047
v -3.563323 0.350000 15.635953
v -3.580677 0.350000 15.714047
v -4.076323 0.350000 15.521953
v -4.093677 0.350000 15.600047
v -4.069096 0.000000 15.524298
v -4.100904 0.000000 15.597702
v -4.639096 0.000000 15.277298
v -4.670904 0.000000 15.350702
v -4.069096 0.350000 15.524298
v -4.100904 0.350000 15.597702
v -4.639096 0.350000 15.277298
v -4.670904 0.350000 15.350702
v -4.631980 0.000000 15.281288
v -4.678020 0.000000 15.346712
v -5.144980 0.000000 14.920288
v -5.191020 0.000000 14.985712
v -4.631980 0.350000 15.281288
v -4.678020 0.350000 15.346712
v -5.144980 0.350000 14.920288
v -5.191020 0.350000 14.985712
v -5.138919 0.000000 14.925535
v -5.197081 0.000000 14.980465
v -5.461919 0.000000 14.583535
v -5.520081 0.000000 14.638465
v -5.138919 0.350000 14.925535
v -5.197081 0.350000 14.980465
v -5.461919 0.350000 14.583535
v -5.520081 0.350000 14.638465
v -5.459000 0.000000 14.587000
v -5.523000 0.000000 14.635000
v -5.687000 0.000000 14.283000
v -5.751000 0.000000 14.331000
v -5.459000 0.350000 14.587000
v -5.523000 0.350000 14.635000
v -5.687000 0.350000 14.283000
v -5.751000 0.350000 14.331000
v -5.683007 0.000000 14.289549
v -5.754993 0.000000 14.324451
v -5.987007 0.000000 13.662549
v -6.058993 0.000000 13.697451
v -5.683007 0.350000 14.289549
v -5.754993 0.350000 14.324451
v -5.987007 0.350000 13.662549
v -6.058993 0.350000 13.697451
v -6.058416 0.000000 13.661407
v -5.987584 0.000000 13.698593
v -6.457416 0.000000 14.421407
v -6.386584 0.000000 14.458593
v -6.058416 0.350000 13.661407
v -5.987584 0.350000 13.698593
v -6.457416 0.350000 14.421407
v -6.386584 0.350000 14.458593
v -6.453045 0.000000 14.414776
v -6.390955 0.000000 14.465224
v -6.700045 0.000000 14.718776
v -6.637955 0.000000 14.769224
v -6.453045 0.350000 14.414776
v -6.390955 0.350000 14.465224
v -6.700045 0.350000 14.718776
v -6.637955 0.350000 14.769224
v -6.695837 0.000000 14.714339
v -6.642163 0.000000 14.773661
v -7.094837 0.000000 15.075339
v -7.041163 0.000000 15.134661
v -6.695837 0.350000 14.714339
v -6.642163 0.350000 14.773661
v -7.094837 0.350000 15.075339
v -7.041163 0.350000 15.134661
v -7.090188 0.000000 15.071718
v -7.045812 0.000000 15.138282
v -7.375188 0.000000 15.261718
v -7.330812 0.000000 15.328282
v -7.090188 0.350000 15.071718
v -7.045812 0.350000 15.138282
v -7.375188 0.350000 15.261718
v -7.330812 0.350000 15.328282
v -7.369463 0.000000 15.258545
v -7.336537 0.000000 15.331455
v -7.958463 0.000000 15.524545
v -7.925537 0.000000 15.597455
v -7.369463 0.350000 15.258545
v -7.336537 0.350000 15.331455
v -7.958463 0.350000 15.524545
v -7.925537 0.350000 15.597455
v -7.949635 0.000000 15.521735
v -7.934365 0.000000 15.600265
v -8.633635 0.000000 15.654735
v -8.618365 0.000000 15.733265
v -7.949635 0.350000 15.521735
v -7.934365 0.350000 15.600265
v -8.633635 0.350000 15.654735
v -8.618365 0.350000 15.733265
v -8.626000 0.000000 15.654000
v -8.626000 0.000000 15.734000
v -16.378000 0.000000 15.654000
v -16.378000 0.000000 15.734000
v -8.626000 0.350000 15.654000
v -8.626000 0.350000 15.734000
v -16.378000 0.350000 15.654000
v -16.378000 0.350000 15.734000
v -16.368299 0.000000 15.655194
v -16.387701 0.000000 15.732806
v -16.900299 0.000000 15.522194
v -16.919701 0.000000 15.599806
v -16.368299 0.350000 15.655194
v -16.387701 0.350000 15.732806
v -16.900299 0.350000 15.522194
v -16.919701 0.350000 15.599806
v -16.890011 0.000000 15.526353
v -16.929989 0.000000 15.595647
v -17.384011 0.000000 15.241353
v -17.423989 0.000000 15.310647
v -16.890011 0.350000 15.526353
v -16.929989 0.350000 15.595647
v -17.384011 0.350000 15.241353
v -17.423989 0.350000 15.310647
v -17.375716 0.000000 15.247716
v -17.432284 0.000000 15.304284
v -17.717716 0.000000 14.905716
v -17.774284 0.000000 14.962284
v -17.375716 0.350000 15.247716
v -17.432284 0.350000 15.304284
v -17.717716 0.350000 14.905716
v -17.774284 0.350000 14.962284
v -17.711353 0.000000 14.914011
v -17.780647 0.000000 14.953989
v -17.996353 0.000000 14.420011
v -18.065647 0.000000 14.459989
v -17.711353 0.350000 14.914011
v -17.780647 0.350000 14.953989
v -17.996353 0.350000 14.420011
v -18.065647 0.350000 14.459989
v 16.625162 0.000000 11.273027
v 16.700838 0.000000 11.298973
v 16.397162 0.000000 11.938027
v 16.472838 0.000000 11.963973
v 16.625162 0.350000 11.273027
v 16.700838 0.350000 11.298973
v 16.397162 0.350000 11.938027
v 16.472838 0.350000 11.963973
v 16.400588 0.000000 11.930608
v 16.469412 0.000000 11.971392
v 16.096588 0.000000 12.443608
v 16.165412 0.000000 12.484392
v 16.400588 0.350000 11.930608
v 16.469412 0.350000 11.971392
v 16.096588 0.350000 12.443608
v 16.165412 0.350000 12.484392
v 16.102094 0.000000 12.436351
v 16.159906 0.000000 12.491649
v 15.684094 0.000000 12.873351
v 15.741906 0.000000 12.928649
v 16.102094 0.350000 12.436351
v 16.159906 0.350000 12.491649
v 15.684094 0.350000 12.873351
v 15.741906 0.350000 12.928649
v 15.689272 0.000000 12.868798
v 15.736728 0.000000 12.933202
v 15.328272 0.000000 13.134798
v 15.375728 0.000000 13.199202
v 15.689272 0.350000 12.868798
v 15.736728 0.350000 12.933202
v 15.328272 0.350000 13.134798
v 15.375728 0.350000 13.199202
v 15.333440 0.000000 13.131567
v 15.370560 0.000000 13.202433
v 14.934440 0.000000 13.340567
v 14.971560 0.000000 13.411433
v 15.333440 0.350000 13.131567
v 15.370560 0.350000 13.202433
v 14.934440 0.350000 13.340567
v 14.971560 0.350000 13.411433
v 14.941144 0.000000 13.337797
v 14.964856 0.000000 13.414203
v 14.390144 0.000000 13.508797
v 14.413856 0.000000 13.585203
v 14.941144 0.350000 13.337797
v 14.964856 0.350000 13.414203
v 14.390144 0.350000 13.508797
v 14.413856 0.350000 13.585203
v 14.397415 0.000000 13.507264
v 14.406585 0.000000 13.586736
v 13.903415 0.000000 13.564264
v 13.912585 0.000000 13.643736
v 14.397415 0.350000 13.507264
v 14.406585 0.350000 13.586736
v 13.903415 0.350000 13.564264
v 13.912585 0.350000 13.643736
v 13.908000 0.000000 13.564000
v 13.908000 0.000000 13.644000
v 13.129000 0.000000 13.564000
v 13.129000 0.000000 13.644000
v 13.908000 0.350000 13.564000
v 13.908000 0.350000 13.644000
v 13.129000 0.350000 13.564000
v 13.129000 0.350000 13.644000
v 13.169000 0.000000 13.604000
v 13.089000 0.000000 13.604000
v 13.169000 0.000000 13.300000
v 13.089000 0.000000 13.300000
v 13.169000 0.350000 13.604000
v 13.089000 0.350000 13.604000
v 13.169000 0.350000 13.300000
v 13.089000 0.350000 13.300000
v 13.129000 0.000000 13.340000
v 13.129000 0.000000 13.260000
v 14.098000 0.000000 13.340000
v 14.098000 0.000000 13.260000
v 13.129000 0.350000 13.340000
v 13.129000 0.350000 13.260000
v 14.098000 0.350000 13.340000
v 14.098000 0.350000 13.260000
v 14.106381 0.000000 13.339112
v 14.089619 0.000000 13.260888
v 14.638381 0.000000 13.225112
v 14.621619 0.000000 13.146888
v 14.106381 0.350000 13.339112
v 14.089619 0.350000 13.260888
v 14.638381 0.350000 13.225112
v 14.621619 0.350000 13.146888
v 14.645757 0.000000 13.222766
v 14.614243 0.000000 13.149234
v 15.044757 0.000000 13.051766
v 15.013243 0.000000 12.978234
v 14.645757 0.350000 13.222766
v 14.614243 0.350000 13.149234
v 15.044757 0.350000 13.051766
v 15.013243 0.350000 12.978234
v 15.052250 0.000000 13.047549
v 15.005750 0.000000 12.982451
v 15.584250 0.000000 12.667549
v 15.537750 0.000000 12.602451
v 15.052250 0.350000 13.047549
v 15.005750 0.350000 12.982451
v 15.584250 0.350000 12.667549
v 15.537750 0.350000 12.602451
v 15.590081 0.000000 12.662465
v 15.531919 0.000000 12.607535
v 15.913081 0.000000 12.320465
v 15.854919 0.000000 12.265535
v 15.590081 0.350000 12.662465
v 15.531919 0.350000 12.607535
v 15.913081 0.350000 12.320465
v 15.854919 0.350000 12.265535
v 15.917538 0.000000 12.314800
v 15.850462 0.000000 12.271200
v 16.164538 0.000000 11.934800
v 16.097462 0.000000 11.891200
v 15.917538 0.350000 12.314800
v 15.850462 0.350000 12.271200
v 16.164538 0.350000 11.934800
v 16.097462 0.350000 11.891200
v 16.167766 0.000000 11.928757
v 16.094234 0.000000 11.897243
v 16.338766 0.000000 11.529757
v 16.265234 0.000000 11.498243
v 16.167766 0.350000 11.928757
v 16.094234 0.350000 11.897243
v 16.338766 0.350000 11.529757
v 16.265234 0.350000 11.498243
v 16.341223 0.000000 11.521845
v 16.262777 0.000000 11.506155
v 16.455223 0.000000 10.951845
v 16.376777 0.000000 10.936155
v 16.341223 0.350000 11.521845
v 16.262777 0.350000 11.506155
v 16.455223 0.350000 10.951845
v 16.376777 0.350000 10.936155
v 16.456000 0.000000 10.944000
v 16.376000 0.000000 10.944000
v 16.456000 0.000000 7.201000
v 16.376000 0.000000 7.201000
v 16.456000 0.350000 10.944000
v 16.376000 0.350000 10.944000
v 16.456000 0.350000 7.201000
v 16.376000 0.350000 7.201000
v 16.444284 0.000000 7.172716
v 16.387716 0.000000 7.229284
v 16.406284 0.000000 7.134716
v 16.349716 0.000000 7.191284
v 16.444284 0.350000 7.172716
v 16.387716 0.350000 7.229284
v 16.406284 0.350000 7.134716
v 16.349716 0.350000 7.191284
v 16.378000 0.000000 7.123000
v 16.378000 0.000000 7.203000
v 8.303000 0.000000 7.123000
v 8.303000 0.000000 7.203000
v 16.378000 0.350000 7.123000
v 16.378000 0.350000 7.203000
v 8.303000 0.350000 7.123000
v 8.303000 0.350000 7.203000
v 8.269718 0.000000 7.140812
v 8.336282 0.000000 7.185188
v 8.231718 0.000000 7.197812
v 8.298282 0.000000 7.242188
v 8.269718 0.350000 7.140812
v 8.336282 0.350000 7.185188
v 8.231718 0.350000 7.197812
v 8.298282 0.350000 7.242188
v 8.229145 0.000000 7.237732
v 8.300855 0.000000 7.202268
v 9.958145 0.000000 10.733732
v 10.029855 0.000000 10.698268
v 8.229145 0.350000 7.237732
v 8.300855 0.350000 7.202268
v 9.958145 0.350000 10.733732
v 10.029855 0.350000 10.698268
v 9.957112 0.000000 10.731469
v 10.030888 0.000000 10.700531
v 10.204112 0.000000 11.320469
v 10.277888 0.000000 11.289531
v 9.957112 0.350000 10.731469
v 10.030888 0.350000 10.700531
v 10.204112 0.350000 11.320469
v 10.277888 0.350000 11.289531
v 10.241000 0.000000 11.265000
v 10.241000 0.000000 11.345000
v 4.750000 0.000000 11.265000
v 4.750000 0.000000 11.345000
v 10.241000 0.350000 11.265000
v 10.241000 0.350000 11.345000
v 4.750000 0.350000 11.265000
v 4.750000 0.350000 11.345000
v 4.762649 0.000000 11.267053
v 4.737351 0.000000 11.342947
v 4.534649 0.000000 11.191053
v 4.509351 0.000000 11.266947
v 4.762649 0.350000 11.267053
v 4.737351 0.350000 11.342947
v 4.534649 0.350000 11.191053
v 4.509351 0.350000 11.266947
v 4.550284 0.000000 11.200716
v 4.493716 0.000000 11.257284
v 4.322284 0.000000 10.972716
v 4.265716 0.000000 11.029284
v 4.550284 0.350000 11.200716
v 4.493716 0.350000 11.257284
v 4.322284 0.350000 10.972716
v 4.265716 0.350000 11.029284
v 4.332231 0.000000 10.989237
v 4.255769 0.000000 11.012763
v 4.256231 0.000000 10.742237
v 4.179769 0.000000 10.765763
v 4.332231 0.350000 10.989237
v 4.255769 0.350000 11.012763
v 4.256231 0.350000 10.742237
v 4.179769 0.350000 10.765763
v 4.258000 0.000000 10.754000
v 4.178000 0.000000 10.754000
v 4.258000 0.000000 7.790000
v 4.178000 0.000000 7.790000
v 4.258000 0.350000 10.754000
v 4.178000 0.350000 10.754000
v 4.258000 0.350000 7.790000
v 4.178000 0.350000 7.790000
v 4.246284 0.000000 7.818284
v 4.189716 0.000000 7.761716
v 4.835284 0.000000 7.229284
v 4.778716 0.000000 7.172716
v 4.246284 0.350000 7.818284
v 4.189716 0.350000 7.761716
v 4.835284 0.350000 7.229284
v 4.778716 0.350000 7.172716
v 4.835284 0.000000 7.172716
v 4.778716 0.000000 7.229284
v 4.797284 0.000000 7.134716
v 4.740716 0.000000 7.191284
v 4.835284 0.350000 7.172716
v 4.778716 0.350000 7.229284
v 4.797284 0.350000 7.134716
v 4.740716 0.350000 7.191284
v 4.769000 0.000000 7.123000
v 4.769000 0.000000 7.203000
v 3.458000 0.000000 7.123000
v 3.458000 0.000000 7.203000
v 4.769000 0.350000 7.123000
v 4.769000 0.350000 7.203000
v 3.458000 0.350000 7.123000
v 3.458000 0.350000 7.203000
v 3.429716 0.000000 7.134716
v 3.486284 0.000000 7.191284
v 3.391716 0.000000 7.172716
v 3.448284 0.000000 7.229284
v 3.429716 0.350000 7.134716
v 3.486284 0.350000 7.191284
v 3.391716 0.350000 7.172716
v 3.448284 0.350000 7.229284
v 3.380000 0.000000 7.201000
v 3.460000 0.000000 7.201000
v 3.380000 0.000000 10.906000
v 3.460000 0.000000 10.906000
v 3.380000 0.350000 7.201000
v 3.460000 0.350000 7.201000
v 3.380000 0.350000 10.906000
v 3.460000 0.350000 10.906000
v 3.382053 0.000000 10.918649
v 3.457947 0.000000 10.893351
v 3.534053 0.000000 11.374649
v 3.609947 0.000000 11.349351
v 3.382053 0.350000 10.918649
v 3.457947 0.350000 10.893351
v 3.534053 0.350000 11.374649
v 3.609947 0.350000 11.349351
v 3.541042 0.000000 11.387330
v 3.602958 0.000000 11.336670
v 3.883042 0.000000 11.805330
v 3.944958 0.000000 11.754670
v 3.541042 0.350000 11.387330
v 3.602958 0.350000 11.336670
v 3.883042 0.350000 11.805330
v 3.944958 0.350000 11.754670
v 3.890473 0.000000 11.812349
v 3.937527 0.000000 11.747651
v 4.099473 0.000000 11.964349
v 4.146527 0.000000 11.899651
v 3.890473 0.350000 11.812349
v 3.937527 0.350000 11.747651
v 4.099473 0.350000 11.964349
v 4.146527 0.350000 11.899651
v 4.107770 0.000000 11.968987
v 4.138230 0.000000 11.895013
v 4.430770 0.000000 12.101987
v 4.461230 0.000000 12.028013
v 4.107770 0.350000 11.968987
v 4.138230 0.350000 11.895013
v 4.430770 0.350000 12.101987
v 4.461230 0.350000 12.028013
v 4.443045 0.000000 12.104891
v 4.448955 0.000000 12.025109
v 4.956045 0.000000 12.142891
v 4.961955 0.000000 12.063109
v 4.443045 0.350000 12.104891
v 4.448955 0.350000 12.025109
v 4.956045 0.350000 12.142891
v 4.961955 0.350000 12.063109
v 4.962139 0.000000 12.142877
v 4.955861 0.000000 12.063123
v 11.479139 0.000000 11.629877
v 11.472861 0.000000 11.550123
v 4.962139 0.350000 12.142877
v 4.955861 0.350000 12.063123
v 11.479139 0.350000 11.629877
v 11.472861 0.350000 11.550123
v 11.436000 0.000000 11.590000
v 11.516000 0.000000 11.590000
v 11.436000 0.000000 13.908000
v 11.516000 0.000000 13.908000
v 11.436000 0.350000 11.590000
v 11.516000 0.350000 11.590000
v 11.436000 0.350000 13.908000
v 11.516000 0.350000 13.908000
v 11.476000 0.000000 13.868000
v 11.476000 0.000000 13.948000
v 11.172000 0.000000 13.868000
v 11.172000 0.000000 13.948000
v 11.476000 0.350000 13.868000
v 11.476000 0.350000 13.948000
v 11.172000 0.350000 13.868000
v 11.172000 0.350000 13.948000
v 11.212000 0.000000 13.908000
v 11.132000 0.000000 13.908000
v 11.212000 0.000000 11.951000
v 11.132000 0.000000 11.951000
v 11.212000 0.350000 13.908000
v 11.132000 0.350000 13.908000
v 11.212000 0.350000 11.951000
v 11.132000 0.350000 11.951000
v 11.200284 0.000000 11.922716
v 11.143716 0.000000 11.979284
v 11.162284 0.000000 11.884716
v 11.105716 0.000000 11.941284
v 11.200284 0.350000 11.922716
v 11.143716 0.350000 11.979284
v 11.162284 0.350000 11.884716
v 11.105716 0.350000 11.941284
v 11.131004 0.000000 11.873112
v 11.136996 0.000000 11.952888
v 7.084004 0.000000 12.177112
v 7.089996 0.000000 12.256888
v 11.131004 0.350000 11.873112
v 11.136996 0.350000 11.952888
v 7.084004 0.350000 12.177112
v 7.089996 0.350000 12.256888
v 7.058716 0.000000 12.188716
v 7.115284 0.000000 12.245284
v 7.020716 0.000000 12.226716
v 7.077284 0.000000 12.283284
v 7.058716 0.350000 12.188716
v 7.115284 0.350000 12.245284
v 7.020716 0.350000 12.226716
v 7.077284 0.350000 12.283284
v 7.009000 0.000000 12.255000
v 7.089000 0.000000 12.255000
v 7.009000 0.000000 13.167000
v 7.089000 0.000000 13.167000
v 7.009000 0.350000 12.255000
v 7.089000 0.350000 12.255000
v 7.009000 0.350000 13.167000
v 7.089000 0.350000 13.167000
v 7.049000 0.000000 13.127000
v 7.049000 0.000000 13.207000
v 6.745000 0.000000 13.127000
v 6.745000 0.000000 13.207000
v 7.049000 0.350000 13.127000
v 7.049000 0.350000 13.207000
v 6.745000 0.350000 13.127000
v 6.745000 0.350000 13.207000
v 6.785000 0.000000 13.167000
v 6.705000 0.000000 13.167000
v 6.785000 0.000000 12.293000
v 6.705000 0.000000 12.293000
v 6.785000 0.350000 13.167000
v 6.705000 0.350000 13.167000
v 6.785000 0.350000 12.293000
v 6.705000 0.350000 12.293000
v 6.773284 0.000000 12.264716
v 6.716716 0.000000 12.321284
v 6.735284 0.000000 12.226716
v 6.678716 0.000000 12.283284
v 6.773284 0.350000 12.264716
v 6.716716 0.350000 12.321284
v 6.735284 0.350000 12.226716
v 6.678716 0.350000 12.283284
v 6.703678 0.000000 12.215138
v 6.710322 0.000000 12.294862
v 5.107678 0.000000 12.348138
v 5.114322 0.000000 12.427862
v 6.703678 0.350000 12.215138
v 6.710322 0.350000 12.294862
v 5.107678 0.350000 12.348138
v 5.114322 0.350000 12.427862
v 5.111000 0.000000 12.348000
v 5.111000 0.000000 12.428000
v 4.560000 0.000000 12.348000
v 4.560000 0.000000 12.428000
v 5.111000 0.350000 12.348000
v 5.111000 0.350000 12.428000
v 4.560000 0.350000 12.348000
v 4.560000 0.350000 12.428000
v 4.571646 0.000000 12.349733
v 4.548354 0.000000 12.426267
v 4.134646 0.000000 12.216733
v 4.111354 0.000000 12.293267
v 4.571646 0.350000 12.349733
v 4.548354 0.350000 12.426267
v 4.134646 0.350000 12.216733
v 4.111354 0.350000 12.293267
v 4.144054 0.000000 12.220989
v 4.101946 0.000000 12.289011
v 3.745054 0.000000 11.973989
v 3.702946 0.000000 12.042011
v 4.144054 0.350000 12.220989
v 4.101946 0.350000 12.289011
v 3.745054 0.350000 11.973989
v 3.702946 0.350000 12.042011
v 3.754273 0.000000 11.981855
v 3.693727 0.000000 12.034145
v 3.393273 0.000000 11.563855
v 3.332727 0.000000 11.616145
v 3.754273 0.350000 11.981855
v 3.693727 0.350000 12.034145
v 3.393273 0.350000 11.563855
v 3.332727 0.350000 11.616145
v 3.399193 0.000000 11.572968
v 3.326807 0.000000 11.607032
v 3.247193 0.000000 11.249968
v 3.174807 0.000000 11.284032
v 3.399193 0.350000 11.572968
v 3.326807 0.350000 11.607032
v 3.247193 0.350000 11.249968
v 3.174807 0.350000 11.284032
v 3.249806 0.000000 11.257299
v 3.172194 0.000000 11.276701
v 3.173806 0.000000 10.953299
v 3.096194 0.000000 10.972701
v 3.249806 0.350000 11.257299
v 3.172194 0.350000 11.276701
v 3.173806 0.350000 10.953299
v 3.096194 0.350000 10.972701
v 3.174999 0.000000 10.962798
v 3.095001 0.000000 10.963202
v 3.155999 0.000000 7.200798
v 3.076001 0.000000 7.201202
v 3.174999 0.350000 10.962798
v 3.095001 0.350000 10.963202
v 3.155999 0.350000 7.200798
v 3.076001 0.350000 7.201202
v 3.144284 0.000000 7.172716
v 3.087716 0.000000 7.229284
v 3.106284 0.000000 7.134716
v 3.049716 0.000000 7.191284
v 3.144284 0.350000 7.172716
v 3.087716 0.350000 7.229284
v 3.106284 0.350000 7.134716
v 3.049716 0.350000 7.191284
v 3.078000 0.000000 7.123000
v 3.078000 0.000000 7.203000
v 0.798000 0.000000 7.123000
v 0.798000 0.000000 7.203000
v 3.078000 0.350000 7.123000
v 3.078000 0.350000 7.203000
v 0.798000 0.350000 7.123000
v 0.798000 0.350000 7.203000
v 0.769716 0.000000 7.134716
v 0.826284 0.000000 7.191284
v -0.503284 0.000000 8.407716
v -0.446716 0.000000 8.464284
v 0.769716 0.350000 7.134716
v 0.826284 0.350000 7.191284
v -0.503284 0.350000 8.407716
v -0.446716 0.350000 8.464284
v -0.435000 0.000000 8.436000
v -0.515000 0.000000 8.436000
v -0.435000 0.000000 8.037000
v -0.515000 0.000000 8.037000
v -0.435000 0.350000 8.436000
v -0.515000 0.350000 8.436000
v -0.435000 0.350000 8.037000
v -0.515000 0.350000 8.037000
v -0.446716 0.000000 8.065284
v -0.503284 0.000000 8.008716
v 0.712284 0.000000 6.906284
v 0.655716 0.000000 6.849716
v -0.446716 0.350000 8.065284
v -0.503284 0.350000 8.008716
v 0.712284 0.350000 6.906284
v 0.655716 0.350000 6.849716
v 0.684000 0.000000 6.918000
v 0.684000 0.000000 6.838000
v 5.377000 0.000000 6.918000
v 5.377000 0.000000 6.838000
v 0.684000 0.350000 6.918000
v 0.684000 0.350000 6.838000
v 5.377000 0.350000 6.918000
v 5.377000 0.350000 6.838000
v 5.337000 0.000000 6.878000
v 5.417000 0.000000 6.878000
v 5.337000 0.000000 7.163000
v 5.417000 0.000000 7.163000
v 5.337000 0.350000 6.878000
v 5.417000 0.350000 6.878000
v 5.337000 0.350000 7.163000
v 5.417000 0.350000 7.163000
v 5.377000 0.000000 7.123000
v 5.377000 0.000000 7.203000
v 5.263000 0.000000 7.123000
v 5.263000 0.000000 7.203000
v 5.377000 0.350000 7.123000
v 5.377000 0.350000 7.203000
v 5.263000 0.350000 7.123000
v 5.263000 0.350000 7.203000
v 5.234716 0.000000 7.134716
v 5.291284 0.000000 7.191284
v 4.493716 0.000000 7.875716
v 4.550284 0.000000 7.932284
v 5.234716 0.350000 7.134716
v 5.291284 0.350000 7.191284
v 4.493716 0.350000 7.875716
v 4.550284 0.350000 7.932284
v 4.482000 0.000000 7.904000
v 4.562000 0.000000 7.904000
v 4.482000 0.000000 10.792000
v 4.562000 0.000000 10.792000
v 4.482000 0.350000 7.904000
v 4.562000 0.350000 7.904000
v 4.482000 0.350000 10.792000
v 4.562000 0.350000 10.792000
v 4.490000 0.000000 10.816000
v 4.554000 0.000000 10.768000
v 4.604000 0.000000 10.968000
v 4.668000 0.000000 10.920000
v 4.490000 0.350000 10.816000
v 4.554000 0.350000 10.768000
v 4.604000 0.350000 10.968000
v 4.668000 0.350000 10.920000
v 4.619754 0.000000 10.980552
v 4.652246 0.000000 10.907448
v 4.790754 0.000000 11.056552
v 4.823246 0.000000 10.983448
v 4.619754 0.350000 10.980552
v 4.652246 0.350000 10.907448
v 4.790754 0.350000 11.056552
v 4.823246 0.350000 10.983448
v 4.807000 0.000000 11.060000
v 4.807000 0.000000 10.980000
v 9.747000 0.000000 11.060000
v 9.747000 0.000000 10.980000
v 4.807000 0.350000 11.060000
v 4.807000 0.350000 10.980000
v 9.747000 0.350000 11.060000
v 9.747000 0.350000 10.980000
v 9.780282 0.000000 11.042188
v 9.713718 0.000000 10.997812
v 9.818282 0.000000 10.985188
v 9.751718 0.000000 10.940812
v 9.780282 0.350000 11.042188
v 9.713718 0.350000 10.997812
v 9.818282 0.350000 10.985188
v 9.751718 0.350000 10.940812
v 9.820850 0.000000 10.945258
v 9.749150 0.000000 10.980742
v 7.977850 0.000000 7.221258
v 7.906150 0.000000 7.256742
v 9.820850 0.350000 10.945258
v 9.749150 0.350000 10.980742
v 7.977850 0.350000 7.221258
v 7.906150 0.350000 7.256742
v 7.981945 0.000000 7.236898
v 7.902055 0.000000 7.241102
v 7.962945 0.000000 6.875898
v 7.883055 0.000000 6.880102
v 7.981945 0.350000 7.236898
v 7.902055 0.350000 7.241102
v 7.962945 0.350000 6.875898
v 7.883055 0.350000 6.880102
v 7.923000 0.000000 6.918000
v 7.923000 0.000000 6.838000
v 16.701000 0.000000 6.918000
v 16.701000 0.000000 6.838000
v 7.923000 0.350000 6.918000
v 7.923000 0.350000 6.838000
v 16.701000 0.350000 6.918000
v 16.701000 0.350000 6.838000
v 16.661000 0.000000 6.878000
v 16.741000 0.000000 6.878000
v 16.661000 0.000000 11.001000
v 16.741000 0.000000 11.001000
v 16.661000 0.350000 6.878000
v 16.741000 0.350000 6.878000
v 16.661000 0.350000 11.001000
v 16.741000 0.350000 11.001000
v 16.661351 0.000000 10.995713
v 16.740649 0.000000 11.006287
v 16.623351 0.000000 11.280713
v 16.702649 0.000000 11.291287
v 16.661351 0.350000 10.995713
v 16.740649 0.350000 11.006287
v 16.623351 0.350000 11.280713
v 16.702649 0.350000 11.291287
v 5.377000 0.000000 5.679000
v 5.377000 0.000000 5.759000
v -2.432000 0.000000 5.679000
v -2.432000 0.000000 5.759000
v 5.377000 0.350000 5.679000
v 5.377000 0.350000 5.759000
v -2.432000 0.350000 5.679000
v -2.432000 0.350000 5.759000
v -2.460284 0.000000 5.690716
v -2.403716 0.000000 5.747284
v -2.498284 0.000000 5.728716
v -2.441716 0.000000 5.785284
v -2.460284 0.350000 5.690716
v -2.403716 0.350000 5.747284
v -2.498284 0.350000 5.728716
v -2.441716 0.350000 5.785284
v -2.510000 0.000000 5.757000
v -2.430000 0.000000 5.757000
v -2.510000 0.000000 11.913000
v -2.430000 0.000000 11.913000
v -2.510000 0.350000 5.757000
v -2.430000 0.350000 5.757000
v -2.510000 0.350000 11.913000
v -2.430000 0.350000 11.913000
v -2.508591 0.000000 11.902475
v -2.431409 0.000000 11.923525
v -2.565591 0.000000 12.111475
v -2.488409 0.000000 12.132525
v -2.508591 0.350000 11.902475
v -2.431409 0.350000 11.923525
v -2.565591 0.350000 12.111475
v -2.488409 0.350000 12.132525
v -2.561300 0.000000 12.101420
v -2.492700 0.000000 12.142580
v -2.675300 0.000000 12.291420
v -2.606700 0.000000 12.332580
v -2.561300 0.350000 12.101420
v -2.492700 0.350000 12.142580
v -2.675300 0.350000 12.291420
v -2.606700 0.350000 12.332580
v -2.667340 0.000000 12.281897
v -2.614660 0.000000 12.342103
v -2.819340 0.000000 12.414897
v -2.766660 0.000000 12.475103
v -2.667340 0.350000 12.281897
v -2.614660 0.350000 12.342103
v -2.819340 0.350000 12.414897
v -2.766660 0.350000 12.475103
v -2.809762 0.000000 12.408682
v -2.776238 0.000000 12.481318
v -3.056762 0.000000 12.522682
v -3.023238 0.000000 12.595318
v -2.809762 0.350000 12.408682
v -2.776238 0.350000 12.481318
v -3.056762 0.350000 12.522682
v -3.023238 0.350000 12.595318
v -3.080000 0.000000 12.559000
v -3.000000 0.000000 12.559000
v -3.080000 0.000000 13.148000
v -3.000000 0.000000 13.148000
v -3.080000 0.350000 12.559000
v -3.000000 0.350000 12.559000
v -3.080000 0.350000 13.148000
v -3.000000 0.350000 13.148000
v -3.040000 0.000000 13.108000
v -3.040000 0.000000 13.188000
v -3.325000 0.000000 13.108000
v -3.325000 0.000000 13.188000
v -3.040000 0.350000 13.108000
v -3.040000 0.350000 13.188000
v -3.325000 0.350000 13.108000
v -3.325000 0.350000 13.188000
v -3.285000 0.000000 13.148000
v -3.365000 0.000000 13.148000
v -3.285000 0.000000 12.559000
v -3.365000 0.000000 12.559000
v -3.285000 0.350000 13.148000
v -3.365000 0.350000 13.148000
v -3.285000 0.350000 12.559000
v -3.365000 0.350000 12.559000
v -3.307111 0.000000 12.523223
v -3.342889 0.000000 12.594777
v -3.535111 0.000000 12.409223
v -3.570889 0.000000 12.480777
v -3.307111 0.350000 12.523223
v -3.342889 0.350000 12.594777
v -3.535111 0.350000 12.409223
v -3.570889 0.350000 12.480777
v -3.526425 0.000000 12.415104
v -3.579575 0.000000 12.474896
v -3.697425 0.000000 12.263104
v -3.750575 0.000000 12.322896
v -3.526425 0.350000 12.415104
v -3.579575 0.350000 12.474896
v -3.697425 0.350000 12.263104
v -3.750575 0.350000 12.322896
v -3.688884 0.000000 12.273846
v -3.759116 0.000000 12.312154
v -3.802884 0.000000 12.064846
v -3.873116 0.000000 12.103154
v -3.688884 0.350000 12.273846
v -3.759116 0.350000 12.312154
v -3.802884 0.350000 12.064846
v -3.873116 0.350000 12.103154
v -3.798544 0.000000 12.077424
v -3.877456 0.000000 12.090576
v -3.836544 0.000000 11.849424
v -3.915456 0.000000 11.862576
v -3.798544 0.350000 12.077424
v -3.877456 0.350000 12.090576
v -3.836544 0.350000 11.849424
v -3.915456 0.350000 11.862576
v -3.836000 0.000000 11.855908
v -3.916000 0.000000 11.856092
v -3.855000 0.000000 3.571908
v -3.935000 0.000000 3.572092
v -3.836000 0.350000 11.855908
v -3.916000 0.350000 11.856092
v -3.855000 0.350000 3.571908
v -3.935000 0.350000 3.572092
v -3.869054 0.000000 3.541557
v -3.920946 0.000000 3.602443
v -5.541054 0.000000 2.116557
v -5.592946 0.000000 2.177443
v -3.869054 0.350000 3.541557
v -3.920946 0.350000 3.602443
v -5.541054 0.350000 2.116557
v -5.592946 0.350000 2.177443
v -5.559155 0.000000 2.107777
v -5.574845 0.000000 2.186223
v -10.784155 0.000000 1.062777
v -10.799845 0.000000 1.141223
v -5.559155 0.350000 2.107777
v -5.574845 0.350000 2.186223
v -10.784155 0.350000 1.062777
v -10.799845 0.350000 1.141223
v -10.752000 0.000000 1.102000
v -10.832000 0.000000 1.102000
v -10.752000 0.000000 0.817000
v -10.832000 0.000000 0.817000
v -10.752000 0.350000 1.102000
v -10.832000 0.350000 1.102000
v -10.752000 0.350000 0.817000
v -10.832000 0.350000 0.817000
v -10.795980 0.000000 0.856801
v -10.788020 0.000000 0.777199
v -10.415980 0.000000 0.894801
v -10.408020 0.000000 0.815199
v -10.795980 0.350000 0.856801
v -10.788020 0.350000 0.777199
v -10.415980 0.350000 0.894801
v -10.408020 0.350000 0.815199
v -10.420075 0.000000 0.894177
v -10.403925 0.000000 0.815823
v -5.442075 0.000000 1.920177
v -5.425925 0.000000 1.841823
v -10.420075 0.350000 0.894177
v -10.403925 0.350000 0.815823
v -5.442075 0.350000 1.920177
v -5.425925 0.350000 1.841823
v -5.422581 0.000000 1.919335
v -5.445419 0.000000 1.842665
v -2.743581 0.000000 1.121335
v -2.766419 0.000000 1.044665
v -5.422581 0.350000 1.919335
v -5.445419 0.350000 1.842665
v -2.743581 0.350000 1.121335
v -2.766419 0.350000 1.044665
v -2.755000 0.000000 1.123000
v -2.755000 0.000000 1.043000
v 2.679000 0.000000 1.123000
v 2.679000 0.000000 1.043000
v -2.755000 0.350000 1.123000
v -2.755000 0.350000 1.043000
v 2.679000 0.350000 1.123000
v 2.679000 0.350000 1.043000
v 2.655191 0.000000 1.115142
v 2.702809 0.000000 1.050858
v 3.681191 0.000000 1.875142
v 3.728809 0.000000 1.810858
v 2.655191 0.350000 1.115142
v 2.702809 0.350000 1.050858
v 3.681191 0.350000 1.875142
v 3.728809 0.350000 1.810858
v 3.701932 0.000000 1.882882
v 3.708068 0.000000 1.803118
v 3.948932 0.000000 1.901882
v 3.955068 0.000000 1.822118
v 3.701932 0.350000 1.882882
v 3.708068 0.350000 1.803118
v 3.948932 0.350000 1.901882
v 3.955068 0.350000 1.822118
v 3.938330 0.000000 1.899592
v 3.965670 0.000000 1.824408
v 4.147330 0.000000 1.975592
v 4.174670 0.000000 1.900408
v 3.938330 0.350000 1.899592
v 3.965670 0.350000 1.824408
v 4.147330 0.350000 1.975592
v 4.174670 0.350000 1.900408
v 4.133869 0.000000 1.967392
v 4.188131 0.000000 1.908608
v 4.380869 0.000000 2.195392
v 4.435131 0.000000 2.136608
v 4.133869 0.350000 1.967392
v 4.188131 0.350000 1.908608
v 4.380869 0.350000 2.195392
v 4.435131 0.350000 2.136608
v 4.371585 0.000000 2.182552
v 4.444415 0.000000 2.149448
v 4.466585 0.000000 2.391552
v 4.539415 0.000000 2.358448
v 4.371585 0.350000 2.182552
v 4.444415 0.350000 2.149448
v 4.466585 0.350000 2.391552
v 4.539415 0.350000 2.358448
v 4.463011 0.000000 2.375930
v 4.542989 0.000000 2.374070
v 4.482011 0.000000 3.192930
v 4.561989 0.000000 3.191070
v 4.463011 0.350000 2.375930
v 4.542989 0.350000 2.374070
v 4.482011 0.350000 3.192930
v 4.561989 0.350000 3.191070
v 4.484770 0.000000 3.206626
v 4.559230 0.000000 3.177374
v 5.320770 0.000000 5.334626
v 5.395230 0.000000 5.305374
v 4.484770 0.350000 3.206626
v 4.559230 0.350000 3.177374
v 5.320770 0.350000 5.334626
v 5.395230 0.350000 5.305374
v 5.318045 0.000000 5.321903
v 5.397955 0.000000 5.318097
v 5.337045 0.000000 5.720903
v 5.416955 0.000000 5.717097
v 5.318045 0.350000 5.321903
v 5.397955 0.350000 5.318097
v 5.337045 0.350000 5.720903
v 5.416955 0.350000 5.717097
v -3.437889 0.000000 12.214777
v -3.402111 0.000000 12.143223
v -3.285889 0.000000 12.290777
v -3.250111 0.000000 12.219223
v -3.437889 0.350000 12.214777
v -3.402111 0.350000 12.143223
v -3.285889 0.350000 12.290777
v -3.250111 0.350000 12.219223
v -3.264932 0.000000 12.294882
v -3.271068 0.000000 12.215118
v -3.017932 0.000000 12.275882
v -3.024068 0.000000 12.196118
v -3.264932 0.350000 12.294882
v -3.271068 0.350000 12.215118
v -3.017932 0.350000 12.275882
v -3.024068 0.350000 12.196118
v -2.997000 0.000000 12.268000
v -3.045000 0.000000 12.204000
v -2.845000 0.000000 12.154000
v -2.893000 0.000000 12.090000
v -2.997000 0.350000 12.268000
v -3.045000 0.350000 12.204000
v -2.845000 0.350000 12.154000
v -2.893000 0.350000 12.090000
v -2.834034 0.000000 12.141426
v -2.903966 0.000000 12.102574
v -2.739034 0.000000 11.970426
v -2.808966 0.000000 11.931574
v -2.834034 0.350000 12.141426
v -2.903966 0.350000 12.102574
v -2.739034 0.350000 11.970426
v -2.808966 0.350000 11.931574
v -2.734000 0.000000 11.951000
v -2.814000 0.000000 11.951000
v -2.734000 0.000000 5.415000
v -2.814000 0.000000 5.415000
v -2.734000 0.350000 11.951000
v -2.814000 0.350000 11.951000
v -2.734000 0.350000 5.415000
v -2.814000 0.350000 5.415000
v -2.774000 0.000000 5.455000
v -2.774000 0.000000 5.375000
v 5.016000 0.000000 5.455000
v 5.016000 0.000000 5.375000
v -2.774000 0.350000 5.455000
v -2.774000 0.350000 5.375000
v 5.016000 0.350000 5.455000
v 5.016000 0.350000 5.375000
v 5.049282 0.000000 5.437188
v 4.982718 0.000000 5.392812
v 5.087282 0.000000 5.380188
v 5.020718 0.000000 5.335812
v 5.049282 0.350000 5.437188
v 4.982718 0.350000 5.392812
v 5.087282 0.350000 5.380188
v 5.020718 0.350000 5.335812
v 5.091230 0.000000 5.343374
v 5.016770 0.000000 5.372626
v 4.255230 0.000000 3.215374
v 4.180770 0.000000 3.244626
v 5.091230 0.350000 5.343374
v 5.016770 0.350000 5.372626
v 4.255230 0.350000 3.215374
v 4.180770 0.350000 3.244626
v 4.258000 0.000000 3.230000
v 4.178000 0.000000 3.230000
v 4.258000 0.000000 2.470000
v 4.178000 0.000000 2.470000
v 4.258000 0.350000 3.230000
v 4.178000 0.350000 3.230000
v 4.258000 0.350000 2.470000
v 4.178000 0.350000 2.470000
v 4.255947 0.000000 2.457351
v 4.180053 0.000000 2.482649
v 4.217947 0.000000 2.343351
v 4.142053 0.000000 2.368649
v 4.255947 0.350000 2.457351
v 4.180053 0.350000 2.482649
v 4.217947 0.350000 2.343351
v 4.142053 0.350000 2.368649
v 4.208284 0.000000 2.327716
v 4.151716 0.000000 2.384284
v 4.056284 0.000000 2.175716
v 3.999716 0.000000 2.232284
v 4.208284 0.350000 2.327716
v 4.151716 0.350000 2.384284
v 4.056284 0.350000 2.175716
v 3.999716 0.350000 2.232284
v 4.043757 0.000000 2.167234
v 4.012243 0.000000 2.240766
v 3.910757 0.000000 2.110234
v 3.879243 0.000000 2.183766
v 4.043757 0.350000 2.167234
v 4.012243 0.350000 2.240766
v 3.910757 0.350000 2.110234
v 3.879243 0.350000 2.183766
v 3.897495 0.000000 2.107078
v 3.892505 0.000000 2.186922
v 3.593495 0.000000 2.088078
v 3.588505 0.000000 2.167922
v 3.897495 0.350000 2.107078
v 3.892505 0.350000 2.186922
v 3.593495 0.350000 2.088078
v 3.588505 0.350000 2.167922
v 3.614527 0.000000 2.095651
v 3.567473 0.000000 2.160349
v 2.569527 0.000000 1.335651
v 2.522473 0.000000 1.400349
v 3.614527 0.350000 2.095651
v 3.567473 0.350000 2.160349
v 2.569527 0.350000 1.335651
v 2.522473 0.350000 1.400349
v 2.545856 0.000000 1.328000
v 2.546144 0.000000 1.408000
v -2.736144 0.000000 1.347000
v -2.735856 0.000000 1.427000
v 2.545856 0.350000 1.328000
v 2.546144 0.350000 1.408000
v -2.736144 0.350000 1.347000
v -2.735856 0.350000 1.427000
v -2.747827 0.000000 1.348789
v -2.724173 0.000000 1.425211
v -5.141827 0.000000 2.089789
v -5.118173 0.000000 2.166211
v -2.747827 0.350000 1.348789
v -2.724173 0.350000 1.425211
v -5.141827 0.350000 2.089789
v -5.118173 0.350000 2.166211
v -5.156095 0.000000 2.158316
v -5.103905 0.000000 2.097684
v -3.655095 0.000000 3.450316
v -3.602905 0.000000 3.389684
v -5.156095 0.350000 2.158316
v -5.103905 0.350000 2.097684
v -3.655095 0.350000 3.450316
v -3.602905 0.350000 3.389684
v -3.665766 0.000000 3.435757
v -3.592234 0.000000 3.404243
v -3.608766 0.000000 3.568757
v -3.535234 0.000000 3.537243
v -3.665766 0.350000 3.435757
v -3.592234 0.350000 3.404243
v -3.608766 0.350000 3.568757
v -3.535234 0.350000 3.537243
v -3.612000 0.000000 3.553000
v -3.532000 0.000000 3.553000
v -3.612000 0.000000 11.951000
v -3.532000 0.000000 11.951000
v -3.612000 0.350000 3.553000
v -3.532000 0.350000 3.553000
v -3.612000 0.350000 11.951000
v -3.532000 0.350000 11.951000
v -3.605282 0.000000 11.973188
v -3.538718 0.000000 11.928812
v -3.453282 0.000000 12.201188
v -3.386718 0.000000 12.156812
v -3.605282 0.350000 11.973188
v -3.538718 0.350000 11.928812
v -3.453282 0.350000 12.201188
v -3.386718 0.350000 12.156812
v -8.869730 0.000000 12.634154
v -8.800270 0.000000 12.673846
v -9.097730 0.000000 13.033154
v -9.028270 0.000000 13.072846
v -8.869730 0.350000 12.634154
v -8.800270 0.350000 12.673846
v -9.097730 0.350000 13.033154
v -9.028270 0.350000 13.072846
v -9.092081 0.000000 13.025535
v -9.033919 0.000000 13.080465
v -9.415081 0.000000 13.367535
v -9.356919 0.000000 13.422465
v -9.092081 0.350000 13.025535
v -9.033919 0.350000 13.080465
v -9.415081 0.350000 13.367535
v -9.356919 0.350000 13.422465
v -9.408188 0.000000 13.361718
v -9.363812 0.000000 13.428282
v -9.750188 0.000000 13.589718
v -9.705812 0.000000 13.656282
v -9.408188 0.350000 13.361718
v -9.363812 0.350000 13.428282
v -9.750188 0.350000 13.589718
v -9.705812 0.350000 13.656282
v -9.743757 0.000000 13.586234
v -9.712243 0.000000 13.659766
v -10.009757 0.000000 13.700234
v -9.978243 0.000000 13.773766
v -9.743757 0.350000 13.586234
v -9.712243 0.350000 13.659766
v -10.009757 0.350000 13.700234
v -9.978243 0.350000 13.773766
v -10.002381 0.000000 13.697888
v -9.985619 0.000000 13.776112
v -10.534381 0.000000 13.811888
v -10.517619 0.000000 13.890112
v -10.002381 0.350000 13.697888
v -9.985619 0.350000 13.776112
v -10.534381 0.350000 13.811888
v -10.517619 0.350000 13.890112
v -10.526000 0.000000 13.811000
v -10.526000 0.000000 13.891000
v -12.312000 0.000000 13.811000
v -12.312000 0.000000 13.891000
v -10.526000 0.350000 13.811000
v -10.526000 0.350000 13.891000
v -12.312000 0.350000 13.811000
v -12.312000 0.350000 13.891000
v -12.272000 0.000000 13.851000
v -12.352000 0.000000 13.851000
v -12.272000 0.000000 13.566000
v -12.352000 0.000000 13.566000
v -12.272000 0.350000 13.851000
v -12.352000 0.350000 13.851000
v -12.272000 0.350000 13.566000
v -12.352000 0.350000 13.566000
v -12.311600 0.000000 13.605998
v -12.312400 0.000000 13.526002
v -10.411600 0.000000 13.586998
v -10.412400 0.000000 13.507002
v -12.311600 0.350000 13.605998
v -12.312400 0.350000 13.526002
v -10.411600 0.350000 13.586998
v -10.412400 0.350000 13.507002
v -10.403006 0.000000 13.585976
v -10.420994 0.000000 13.508024
v -10.156006 0.000000 13.528976
v -10.173994 0.000000 13.451024
v -10.403006 0.350000 13.585976
v -10.420994 0.350000 13.508024
v -10.156006 0.350000 13.528976
v -10.173994 0.350000 13.451024
v -10.148754 0.000000 13.526552
v -10.181246 0.000000 13.453448
v -9.806754 0.000000 13.374552
v -9.839246 0.000000 13.301448
v -10.148754 0.350000 13.526552
v -10.181246 0.350000 13.453448
v -9.806754 0.350000 13.374552
v -9.839246 0.350000 13.301448
v -9.797670 0.000000 13.368958
v -9.848330 0.000000 13.307042
v -9.379670 0.000000 13.026958
v -9.430330 0.000000 12.965042
v -9.797670 0.350000 13.368958
v -9.848330 0.350000 13.307042
v -9.379670 0.350000 13.026958
v -9.430330 0.350000 12.965042
v -9.371951 0.000000 13.018533
v -9.438049 0.000000 12.973467
v -9.086951 0.000000 12.600533
v -9.153049 0.000000 12.555467
v -9.371951 0.350000 13.018533
v -9.438049 0.350000 12.973467
v -9.086951 0.350000 12.600533
v -9.153049 0.350000 12.555467
v -9.081539 0.000000 12.588989
v -9.158461 0.000000 12.567011
v -8.929539 0.000000 12.056989
v -9.006461 0.000000 12.035011
v -9.081539 0.350000 12.588989
v -9.158461 0.350000 12.567011
v -8.929539 0.350000 12.056989
v -9.006461 0.350000 12.035011
v -8.928000 0.000000 12.046000
v -9.008000 0.000000 12.046000
v -8.928000 0.000000 11.647000
v -9.008000 0.000000 11.647000
v -8.928000 0.350000 12.046000
v -9.008000 0.350000 12.046000
v -8.928000 0.350000 11.647000
v -9.008000 0.350000 11.647000
v -8.929063 0.000000 11.637838
v -9.006937 0.000000 11.656162
v -9.005063 0.000000 11.314838
v -9.082937 0.000000 11.333162
v -8.929063 0.350000 11.637838
v -9.006937 0.350000 11.656162
v -9.005063 0.350000 11.314838
v -9.082937 0.350000 11.333162
v -9.007234 0.000000 11.308243
v -9.080766 0.000000 11.339757
v -9.121234 0.000000 11.042243
v -9.194766 0.000000 11.073757
v -9.007234 0.350000 11.308243
v -9.080766 0.350000 11.339757
v -9.121234 0.350000 11.042243
v -9.194766 0.350000 11.073757
v -9.124718 0.000000 11.035812
v -9.191282 0.000000 11.080188
v -9.314718 0.000000 10.750812
v -9.381282 0.000000 10.795188
v -9.124718 0.350000 11.035812
v -9.191282 0.350000 11.080188
v -9.314718 0.350000 10.750812
v -9.381282 0.350000 10.795188
v -9.319716 0.000000 10.744716
v -9.376284 0.000000 10.801284
v -9.566716 0.000000 10.497716
v -9.623284 0.000000 10.554284
v -9.319716 0.350000 10.744716
v -9.376284 0.350000 10.801284
v -9.566716 0.350000 10.497716
v -9.623284 0.350000 10.554284
v -9.573270 0.000000 10.492417
v -9.616730 0.000000 10.559583
v -9.896270 0.000000 10.283417
v -9.939730 0.000000 10.350583
v -9.573270 0.350000 10.492417
v -9.616730 0.350000 10.559583
v -9.896270 0.350000 10.283417
v -9.939730 0.350000 10.350583
v -9.906506 0.000000 10.278687
v -9.929494 0.000000 10.355313
v -10.476506 0.000000 10.107687
v -10.499494 0.000000 10.184313
v -9.906506 0.350000 10.278687
v -9.929494 0.350000 10.355313
v -10.476506 0.350000 10.107687
v -10.499494 0.350000 10.184313
v -10.488000 0.000000 10.106000
v -10.488000 0.000000 10.186000
v -15.960000 0.000000 10.106000
v -15.960000 0.000000 10.186000
v -10.488000 0.350000 10.106000
v -10.488000 0.350000 10.186000
v -15.960000 0.350000 10.106000
v -15.960000 0.350000 10.186000
v -15.931716 0.000000 10.117716
v -15.988284 0.000000 10.174284
v -16.026716 0.000000 10.022716
v -16.083284 0.000000 10.079284
v -15.931716 0.350000 10.117716
v -15.988284 0.350000 10.174284
v -16.026716 0.350000 10.022716
v -16.083284 0.350000 10.079284
v -16.015000 0.000000 10.051000
v -16.095000 0.000000 10.051000
v -16.015000 0.000000 9.519000
v -16.095000 0.000000 9.519000
v -16.015000 0.350000 10.051000
v -16.095000 0.350000 10.051000
v -16.015000 0.350000 9.519000
v -16.095000 0.350000 9.519000
v -16.055000 0.000000 9.559000
v -16.055000 0.000000 9.479000
v -15.770000 0.000000 9.559000
v -15.770000 0.000000 9.479000
v -16.055000 0.350000 9.559000
v -16.055000 0.350000 9.479000
v -15.770000 0.350000 9.559000
v -15.770000 0.350000 9.479000
v -15.810000 0.000000 9.519000
v -15.730000 0.000000 9.519000
v -15.810000 0.000000 9.804000
v -15.730000 0.000000 9.804000
v -15.810000 0.350000 9.519000
v -15.730000 0.350000 9.519000
v -15.810000 0.350000 9.804000
v -15.730000 0.350000 9.804000
v -15.798284 0.000000 9.832284
v -15.741716 0.000000 9.775716
v -15.760284 0.000000 9.870284
v -15.703716 0.000000 9.813716
v -15.798284 0.350000 9.832284
v -15.741716 0.350000 9.775716
v -15.760284 0.350000 9.870284
v -15.703716 0.350000 9.813716
v -15.732000 0.000000 9.882000
v -15.732000 0.000000 9.802000
v -10.526000 0.000000 9.882000
v -10.526000 0.000000 9.802000
v -15.732000 0.350000 9.882000
v -15.732000 0.350000 9.802000
v -10.526000 0.350000 9.882000
v -10.526000 0.350000 9.802000
v -10.535701 0.000000 9.880806
v -10.516299 0.000000 9.803194
v -9.927701 0.000000 10.032806
v -9.908299 0.000000 9.955194
v -10.535701 0.350000 9.880806
v -10.516299 0.350000 9.803194
v -9.927701 0.350000 10.032806
v -9.908299 0.350000 9.955194
v -9.936716 0.000000 10.029352
v -9.899284 0.000000 9.958648
v -9.613716 0.000000 10.200352
v -9.576284 0.000000 10.129648
v -9.936716 0.350000 10.029352
v -9.899284 0.350000 9.958648
v -9.613716 0.350000 10.200352
v -9.576284 0.350000 10.129648
v -9.619000 0.000000 10.197000
v -9.571000 0.000000 10.133000
v -9.315000 0.000000 10.425000
v -9.267000 0.000000 10.361000
v -9.619000 0.350000 10.197000
v -9.571000 0.350000 10.133000
v -9.315000 0.350000 10.425000
v -9.267000 0.350000 10.361000
v -9.321370 0.000000 10.419032
v -9.260630 0.000000 10.366968
v -9.093370 0.000000 10.685032
v -9.032630 0.000000 10.632968
v -9.321370 0.350000 10.419032
v -9.260630 0.350000 10.366968
v -9.093370 0.350000 10.685032
v -9.032630 0.350000 10.632968
v -9.097730 0.000000 10.678846
v -9.028270 0.000000 10.639154
v -8.869730 0.000000 11.077846
v -8.800270 0.000000 11.038154
v -9.097730 0.350000 10.678846
v -9.028270 0.350000 10.639154
v -8.869730 0.350000 11.077846
v -8.800270 0.350000 11.038154
v -8.873560 0.000000 11.068637
v -8.796440 0.000000 11.047363
v -8.721560 0.000000 11.619637
v -8.644440 0.000000 11.598363
v -8.873560 0.350000 11.068637
v -8.796440 0.350000 11.047363
v -8.721560 0.350000 11.619637
v -8.644440 0.350000 11.598363
v -8.723000 0.000000 11.609000
v -8.643000 0.000000 11.609000
v -8.723000 0.000000 12.103000
v -8.643000 0.000000 12.103000
v -8.723000 0.350000 11.609000
v -8.643000 0.350000 11.609000
v -8.723000 0.350000 12.103000
v -8.643000 0.350000 12.103000
v -8.721560 0.000000 12.092363
v -8.644440 0.000000 12.113637
v -8.873560 0.000000 12.643363
v -8.796440 0.000000 12.664637
v -8.721560 0.350000 12.092363
v -8.644440 0.350000 12.113637
v -8.873560 0.350000 12.643363
v -8.796440 0.350000 12.664637
v 7.963000 0.000000 5.719000
v 7.883000 0.000000 5.719000
v 7.963000 0.000000 5.396000
v 7.883000 0.000000 5.396000
v 7.963000 0.350000 5.719000
v 7.883000 0.350000 5.719000
v 7.963000 0.350000 5.396000
v 7.883000 0.350000 5.396000
v 7.958525 0.000000 5.414384
v 7.887475 0.000000 5.377616
v 9.364525 0.000000 2.697384
v 9.293475 0.000000 2.660616
v 7.958525 0.350000 5.414384
v 7.887475 0.350000 5.377616
v 9.364525 0.350000 2.697384
v 9.293475 0.350000 2.660616
v 9.369000 0.000000 2.679000
v 9.289000 0.000000 2.679000
v 9.369000 0.000000 1.292000
v 9.289000 0.000000 1.292000
v 9.369000 0.350000 2.679000
v 9.289000 0.350000 2.679000
v 9.369000 0.350000 1.292000
v 9.289000 0.350000 1.292000
v 9.329000 0.000000 1.332000
v 9.329000 0.000000 1.252000
v 9.614000 0.000000 1.332000
v 9.614000 0.000000 1.252000
v 9.329000 0.350000 1.332000
v 9.329000 0.350000 1.252000
v 9.614000 0.350000 1.332000
v 9.614000 0.350000 1.252000
v 9.574000 0.000000 1.292000
v 9.654000 0.000000 1.292000
v 9.574000 0.000000 2.755000
v 9.654000 0.000000 2.755000
v 9.574000 0.350000 1.292000
v 9.654000 0.350000 1.292000
v 9.574000 0.350000 2.755000
v 9.654000 0.350000 2.755000
v 9.575194 0.000000 2.764701
v 9.652806 0.000000 2.745299
v 9.670194 0.000000 3.144701
v 9.747806 0.000000 3.125299
v 9.575194 0.350000 2.764701
v 9.652806 0.350000 2.745299
v 9.670194 0.350000 3.144701
v 9.747806 0.350000 3.125299
v 9.672753 0.000000 3.151915
v 9.745247 0.000000 3.118085
v 9.805753 0.000000 3.436915
v 9.878247 0.000000 3.403085
v 9.672753 0.350000 3.151915
v 9.745247 0.350000 3.118085
v 9.805753 0.350000 3.436915
v 9.878247 0.350000 3.403085
v 9.809231 0.000000 3.442938
v 9.874769 0.000000 3.397062
v 9.942231 0.000000 3.632938
v 10.007769 0.000000 3.587062
v 9.809231 0.350000 3.442938
v 9.874769 0.350000 3.397062
v 9.942231 0.350000 3.632938
v 10.007769 0.350000 3.587062
v 9.947490 0.000000 3.639038
v 10.002510 0.000000 3.580962
v 10.308490 0.000000 3.981038
v 10.363510 0.000000 3.922962
v 9.947490 0.350000 3.639038
v 10.002510 0.350000 3.580962
v 10.308490 0.350000 3.981038
v 10.363510 0.350000 3.922962
v 10.315036 0.000000 3.986066
v 10.356964 0.000000 3.917934
v 10.562036 0.000000 4.138066
v 10.603964 0.000000 4.069934
v 10.315036 0.350000 3.986066
v 10.356964 0.350000 3.917934
v 10.562036 0.350000 4.138066
v 10.603964 0.350000 4.069934
v 10.570872 0.000000 4.142117
v 10.595128 0.000000 4.065883
v 10.988872 0.000000 4.275117
v 11.013128 0.000000 4.198883
v 10.570872 0.350000 4.142117
v 10.595128 0.350000 4.065883
v 10.988872 0.350000 4.275117
v 11.013128 0.350000 4.198883
v 11.000718 0.000000 4.276999
v 11.001282 0.000000 4.197001
v 13.698718 0.000000 4.295999
v 13.699282 0.000000 4.216001
v 11.000718 0.350000 4.276999
v 11.001282 0.350000 4.197001
v 13.698718 0.350000 4.295999
v 13.699282 0.350000 4.216001
v 13.733617 0.000000 4.276041
v 13.664383 0.000000 4.235959
v 14.778617 0.000000 2.471041
v 14.709383 0.000000 2.430959
v 13.733617 0.350000 4.276041
v 13.664383 0.350000 4.235959
v 14.778617 0.350000 2.471041
v 14.709383 0.350000 2.430959
v 14.759757 0.000000 2.487766
v 14.728243 0.000000 2.414234
v 14.892757 0.000000 2.430766
v 14.861243 0.000000 2.357234
v 14.759757 0.350000 2.487766
v 14.728243 0.350000 2.414234
v 14.892757 0.350000 2.430766
v 14.861243 0.350000 2.357234
v 14.851393 0.000000 2.424729
v 14.902607 0.000000 2.363271
v 14.965393 0.000000 2.519729
v 15.016607 0.000000 2.458271
v 14.851393 0.350000 2.424729
v 14.902607 0.350000 2.363271
v 14.965393 0.350000 2.519729
v 15.016607 0.350000 2.458271
v 14.952194 0.000000 2.498701
v 15.029806 0.000000 2.479299
v 14.971194 0.000000 2.574701
v 15.048806 0.000000 2.555299
v 14.952194 0.350000 2.498701
v 15.029806 0.350000 2.479299
v 14.971194 0.350000 2.574701
v 15.048806 0.350000 2.555299
v 14.975319 0.000000 2.545069
v 15.044681 0.000000 2.584931
v 14.025319 0.000000 4.198069
v 14.094681 0.000000 4.237931
v 14.975319 0.350000 2.545069
v 15.044681 0.350000 2.584931
v 14.025319 0.350000 4.198069
v 14.094681 0.350000 4.237931
v 14.024223 0.000000 4.235889
v 14.095777 0.000000 4.200111
v 14.062223 0.000000 4.311889
v 14.133777 0.000000 4.276111
v 14.024223 0.350000 4.235889
v 14.095777 0.350000 4.200111
v 14.062223 0.350000 4.311889
v 14.133777 0.350000 4.276111
v 14.085351 0.000000 4.331947
v 14.110649 0.000000 4.256053
v 14.256351 0.000000 4.388947
v 14.281649 0.000000 4.313053
v 14.085351 0.350000 4.331947
v 14.110649 0.350000 4.256053
v 14.256351 0.350000 4.388947
v 14.281649 0.350000 4.313053
v 14.241971 0.000000 4.380486
v 14.296029 0.000000 4.321514
v 14.469971 0.000000 4.589486
v 14.524029 0.000000 4.530514
v 14.241971 0.350000 4.380486
v 14.296029 0.350000 4.321514
v 14.469971 0.350000 4.589486
v 14.524029 0.350000 4.530514
v 14.460013 0.000000 4.575230
v 14.533987 0.000000 4.544770
v 14.593013 0.000000 4.898230
v 14.666987 0.000000 4.867770
v 14.460013 0.350000 4.575230
v 14.533987 0.350000 4.544770
v 14.593013 0.350000 4.898230
v 14.666987 0.350000 4.867770
v 14.590000 0.000000 4.883000
v 14.670000 0.000000 4.883000
v 14.590000 0.000000 5.092000
v 14.670000 0.000000 5.092000
v 14.590000 0.350000 4.883000
v 14.670000 0.350000 4.883000
v 14.590000 0.350000 5.092000
v 14.670000 0.350000 5.092000
v 14.592053 0.000000 5.079351
v 14.667947 0.000000 5.104649
v 14.516053 0.000000 5.307351
v 14.591947 0.000000 5.332649
v 14.592053 0.350000 5.079351
v 14.667947 0.350000 5.104649
v 14.516053 0.350000 5.307351
v 14.591947 0.350000 5.332649
v 14.525716 0.000000 5.291716
v 14.582284 0.000000 5.348284
v 14.202716 0.000000 5.614716
v 14.259284 0.000000 5.671284
v 14.525716 0.350000 5.291716
v 14.582284 0.350000 5.348284
v 14.202716 0.350000 5.614716
v 14.259284 0.350000 5.671284
v 14.219237 0.000000 5.604769
v 14.242763 0.000000 5.681231
v 13.972237 0.000000 5.680769
v 13.995763 0.000000 5.757231
v 14.219237 0.350000 5.604769
v 14.242763 0.350000 5.681231
v 13.972237 0.350000 5.680769
v 13.995763 0.350000 5.757231
v 13.984000 0.000000 5.679000
v 13.984000 0.000000 5.759000
v 7.923000 0.000000 5.679000
v 7.923000 0.000000 5.759000
v 13.984000 0.350000 5.679000
v 13.984000 0.350000 5.759000
v 7.923000 0.350000 5.679000
v 7.923000 0.350000 5.759000
v -5.890000 0.000000 8.491000
v -5.890000 0.000000 8.571000
v -6.175000 0.000000 8.491000
v -6.175000 0.000000 8.571000
v -5.890000 0.350000 8.491000
v -5.890000 0.350000 8.571000
v -6.175000 0.350000 8.491000
v -6.175000 0.350000 8.571000
v -6.135000 0.000000 8.531000
v -6.215000 0.000000 8.531000
v -6.135000 0.000000 7.486000
v -6.215000 0.000000 7.486000
v -6.135000 0.350000 8.531000
v -6.215000 0.350000 8.531000
v -6.135000 0.350000 7.486000
v -6.215000 0.350000 7.486000
v -6.146716 0.000000 7.457716
v -6.203284 0.000000 7.514284
v -6.184716 0.000000 7.419716
v -6.241284 0.000000 7.476284
v -6.146716 0.350000 7.457716
v -6.203284 0.350000 7.514284
v -6.184716 0.350000 7.419716
v -6.241284 0.350000 7.476284
v -6.233858 0.000000 7.413869
v -6.192142 0.000000 7.482131
v -6.575858 0.000000 7.622869
v -6.534142 0.000000 7.691131
v -6.233858 0.350000 7.413869
v -6.192142 0.350000 7.482131
v -6.575858 0.350000 7.622869
v -6.534142 0.350000 7.691131
v -6.558190 0.000000 7.617127
v -6.551810 0.000000 7.696873
v -7.033190 0.000000 7.655127
v -7.026810 0.000000 7.734873
v -6.558190 0.350000 7.617127
v -6.551810 0.350000 7.696873
v -7.033190 0.350000 7.655127
v -7.026810 0.350000 7.734873
v -7.023527 0.000000 7.655527
v -7.036473 0.000000 7.734473
v -14.091527 0.000000 6.496527
v -14.104473 0.000000 6.575473
v -7.023527 0.350000 7.655527
v -7.036473 0.350000 7.734473
v -14.091527 0.350000 6.496527
v -14.104473 0.350000 6.575473
v -14.069716 0.000000 6.507716
v -14.126284 0.000000 6.564284
v -14.126716 0.000000 6.450716
v -14.183284 0.000000 6.507284
v -14.069716 0.350000 6.507716
v -14.126284 0.350000 6.564284
v -14.126716 0.350000 6.450716
v -14.183284 0.350000 6.507284
v -14.115001 0.000000 6.479288
v -14.194999 0.000000 6.478712
v -14.096001 0.000000 3.838288
v -14.175999 0.000000 3.837712
v -14.115001 0.350000 6.479288
v -14.194999 0.350000 6.478712
v -14.096001 0.350000 3.838288
v -14.175999 0.350000 3.837712
v -14.118111 0.000000 3.873777
v -14.153889 0.000000 3.802223
v -14.004111 0.000000 3.816777
v -14.039889 0.000000 3.745223
v -14.118111 0.350000 3.873777
v -14.153889 0.350000 3.802223
v -14.004111 0.350000 3.816777
v -14.039889 0.350000 3.745223
v -14.032399 0.000000 3.819625
v -14.011601 0.000000 3.742375
v -7.116399 0.000000 5.681625
v -7.095601 0.000000 5.604375
v -14.032399 0.350000 3.819625
v -14.011601 0.350000 3.742375
v -7.116399 0.350000 5.681625
v -7.095601 0.350000 5.604375
v -7.113284 0.000000 5.682331
v -7.098716 0.000000 5.603669
v -6.600284 0.000000 5.777331
v -6.585716 0.000000 5.698669
v -7.113284 0.350000 5.682331
v -7.098716 0.350000 5.603669
v -6.600284 0.350000 5.777331
v -6.585716 0.350000 5.698669
v -6.609762 0.000000 5.774318
v -6.576238 0.000000 5.701682
v -6.362762 0.000000 5.888318
v -6.329238 0.000000 5.815682
v -6.609762 0.350000 5.774318
v -6.576238 0.350000 5.701682
v -6.362762 0.350000 5.888318
v -6.329238 0.350000 5.815682
v -6.373358 0.000000 5.881181
v -6.318642 0.000000 5.822819
v -6.069358 0.000000 6.166181
v -6.014642 0.000000 6.107819
v -6.373358 0.350000 5.881181
v -6.318642 0.350000 5.822819
v -6.069358 0.350000 6.166181
v -6.014642 0.350000 6.107819
v -6.078865 0.000000 6.152522
v -6.005135 0.000000 6.121478
v -5.926865 0.000000 6.513522
v -5.853135 0.000000 6.482478
v -6.078865 0.350000 6.152522
v -6.005135 0.350000 6.121478
v -5.926865 0.350000 6.513522
v -5.853135 0.350000 6.482478
v -5.930000 0.000000 6.498000
v -5.850000 0.000000 6.498000
v -5.930000 0.000000 8.531000
v -5.850000 0.000000 8.531000
v -5.930000 0.350000 6.498000
v -5.850000 0.350000 6.498000
v -5.930000 0.350000 8.531000
v -5.850000 0.350000 8.531000
v -6.154055 0.000000 6.918102
v -6.233945 0.000000 6.913898
v -6.135055 0.000000 6.557102
v -6.214945 0.000000 6.552898
v -6.154055 0.350000 6.918102
v -6.233945 0.350000 6.913898
v -6.135055 0.350000 6.557102
v -6.214945 0.350000 6.552898
v -6.139648 0.000000 6.536284
v -6.210352 0.000000 6.573716
v -6.310648 0.000000 6.213284
v -6.381352 0.000000 6.250716
v -6.139648 0.350000 6.536284
v -6.210352 0.350000 6.573716
v -6.310648 0.350000 6.213284
v -6.381352 0.350000 6.250716
v -6.322750 0.000000 6.199451
v -6.369250 0.000000 6.264549
v -6.588750 0.000000 6.009451
v -6.635250 0.000000 6.074549
v -6.322750 0.350000 6.199451
v -6.369250 0.350000 6.264549
v -6.588750 0.350000 6.009451
v -6.635250 0.350000 6.074549
v -6.602686 0.000000 6.003100
v -6.621314 0.000000 6.080900
v -7.951686 0.000000 5.680100
v -7.970314 0.000000 5.757900
v -6.602686 0.350000 6.003100
v -6.621314 0.350000 6.080900
v -7.951686 0.350000 5.680100
v -7.970314 0.350000 5.757900
v -7.950623 0.000000 5.680369
v -7.971377 0.000000 5.757631
v -13.821623 0.000000 4.103369
v -13.842377 0.000000 4.180631
v -7.950623 0.350000 5.680369
v -7.971377 0.350000 5.757631
v -13.821623 0.350000 4.103369
v -13.842377 0.350000 4.180631
v -13.860284 0.000000 4.113716
v -13.803716 0.000000 4.170284
v -13.898284 0.000000 4.151716
v -13.841716 0.000000 4.208284
v -13.860284 0.350000 4.113716
v -13.803716 0.350000 4.170284
v -13.898284 0.350000 4.151716
v -13.841716 0.350000 4.208284
v -13.910000 0.000000 4.180000
v -13.830000 0.000000 4.180000
v -13.910000 0.000000 6.251000
v -13.830000 0.000000 6.251000
v -13.910000 0.350000 4.180000
v -13.830000 0.350000 4.180000
v -13.910000 0.350000 6.251000
v -13.830000 0.350000 6.251000
v -13.898284 0.000000 6.279284
v -13.841716 0.000000 6.222716
v -13.860284 0.000000 6.317284
v -13.803716 0.000000 6.260716
v -13.898284 0.350000 6.279284
v -13.841716 0.350000 6.222716
v -13.860284 0.350000 6.317284
v -13.803716 0.350000 6.260716
v -13.838400 0.000000 6.328485
v -13.825600 0.000000 6.249515
v -6.922400 0.000000 7.449485
v -6.909600 0.000000 7.370515
v -13.838400 0.350000 6.328485
v -13.825600 0.350000 6.249515
v -6.922400 0.350000 7.449485
v -6.909600 0.350000 7.370515
v -6.910713 0.000000 7.449649
v -6.921287 0.000000 7.370351
v -6.625713 0.000000 7.411649
v -6.636287 0.000000 7.332351
v -6.910713 0.350000 7.449649
v -6.921287 0.350000 7.370351
v -6.625713 0.350000 7.411649
v -6.636287 0.350000 7.332351
v -6.613111 0.000000 7.407777
v -6.648889 0.000000 7.336223
v -6.461111 0.000000 7.331777
v -6.496889 0.000000 7.260223
v -6.613111 0.350000 7.407777
v -6.648889 0.350000 7.336223
v -6.461111 0.350000 7.331777
v -6.496889 0.350000 7.260223
v -6.449608 0.000000 7.323131
v -6.508392 0.000000 7.268869
v -6.221608 0.000000 7.076131
v -6.280392 0.000000 7.021869
v -6.449608 0.350000 7.323131
v -6.508392 0.350000 7.268869
v -6.221608 0.350000 7.076131
v -6.280392 0.350000 7.021869
v -6.214234 0.000000 7.064757
v -6.287766 0.000000 7.033243
v -6.157234 0.000000 6.931757
v -6.230766 0.000000 6.900243
v -6.214234 0.350000 7.064757
v -6.287766 0.350000 7.033243
v -6.157234 0.350000 6.931757
v -6.230766 0.350000 6.900243
v -16.015000 0.000000 7.201000
v -16.095000 0.000000 7.201000
v -16.015000 0.000000 3.401000
v -16.095000 0.000000 3.401000
v -16.015000 0.350000 7.201000
v -16.095000 0.350000 7.201000
v -16.015000 0.350000 3.401000
v -16.095000 0.350000 3.401000
v -16.015777 0.000000 3.408845
v -16.094223 0.000000 3.393155
v -15.901777 0.000000 2.838845
v -15.980223 0.000000 2.823155
v -16.015777 0.350000 3.408845
v -16.094223 0.350000 3.393155
v -15.901777 0.350000 2.838845
v -15.980223 0.350000 2.823155
v -15.904621 0.000000 2.847630
v -15.977379 0.000000 2.814370
v -15.600621 0.000000 2.182630
v -15.673379 0.000000 2.149370
v -15.904621 0.350000 2.847630
v -15.977379 0.350000 2.814370
v -15.600621 0.350000 2.182630
v -15.673379 0.350000 2.149370
v -15.605183 0.000000 2.190242
v -15.668817 0.000000 2.141758
v -15.301183 0.000000 1.791242
v -15.364817 0.000000 1.742758
v -15.605183 0.350000 2.190242
v -15.668817 0.350000 2.141758
v -15.301183 0.350000 1.791242
v -15.364817 0.350000 1.742758
v -15.307205 0.000000 1.797572
v -15.358795 0.000000 1.736428
v -14.699205 0.000000 1.284572
v -14.750795 0.000000 1.223428
v -15.307205 0.350000 1.797572
v -15.358795 0.350000 1.736428
v -14.699205 0.350000 1.284572
v -14.750795 0.350000 1.223428
v -14.706497 0.000000 1.289463
v -14.743503 0.000000 1.218537
v -14.269497 0.000000 1.061463
v -14.306503 0.000000 0.990537
v -14.706497 0.350000 1.289463
v -14.743503 0.350000 1.218537
v -14.269497 0.350000 1.061463
v -14.306503 0.350000 0.990537
v -14.275809 0.000000 1.064097
v -14.300191 0.000000 0.987903
v -13.800809 0.000000 0.912097
v -13.825191 0.000000 0.835903
v -14.275809 0.350000 1.064097
v -14.300191 0.350000 0.987903
v -13.800809 0.350000 0.912097
v -13.825191 0.350000 0.835903
v -13.809852 0.000000 0.913876
v -13.816148 0.000000 0.834124
v -13.087852 0.000000 0.856876
v -13.094148 0.000000 0.777124
v -13.809852 0.350000 0.913876
v -13.816148 0.350000 0.834124
v -13.087852 0.350000 0.856876
v -13.094148 0.350000 0.777124
v -13.131000 0.000000 0.817000
v -13.051000 0.000000 0.817000
v -13.131000 0.000000 1.102000
v -13.051000 0.000000 1.102000
v -13.131000 0.350000 0.817000
v -13.051000 0.350000 0.817000
v -13.131000 0.350000 1.102000
v -13.051000 0.350000 1.102000
v -13.093575 0.000000 1.062083
v -13.088425 0.000000 1.141917
v -13.682575 0.000000 1.100083
v -13.677425 0.000000 1.179917
v -13.093575 0.350000 1.062083
v -13.088425 0.350000 1.141917
v -13.682575 0.350000 1.100083
v -13.677425 0.350000 1.179917
v -13.690307 0.000000 1.101351
v -13.669693 0.000000 1.178649
v -13.975307 0.000000 1.177351
v -13.954693 0.000000 1.254649
v -13.690307 0.350000 1.101351
v -13.669693 0.350000 1.178649
v -13.975307 0.350000 1.177351
v -13.954693 0.350000 1.254649
v -13.981246 0.000000 1.179448
v -13.948754 0.000000 1.252552
v -14.494246 0.000000 1.407448
v -14.461754 0.000000 1.480552
v -13.981246 0.350000 1.179448
v -13.948754 0.350000 1.252552
v -14.494246 0.350000 1.407448
v -14.461754 0.350000 1.480552
v -14.500768 0.000000 1.411112
v -14.455232 0.000000 1.476888
v -14.747768 0.000000 1.582112
v -14.702232 0.000000 1.647888
v -14.500768 0.350000 1.411112
v -14.455232 0.350000 1.476888
v -14.747768 0.350000 1.582112
v -14.702232 0.350000 1.647888
v -14.751759 0.000000 1.585268
v -14.698241 0.000000 1.644732
v -15.131759 0.000000 1.927268
v -15.078241 0.000000 1.986732
v -14.751759 0.350000 1.585268
v -14.698241 0.350000 1.644732
v -15.131759 0.350000 1.927268
v -15.078241 0.350000 1.986732
v -15.136235 0.000000 1.932012
v -15.073765 0.000000 1.981988
v -15.364235 0.000000 2.217012
v -15.301765 0.000000 2.266988
v -15.136235 0.350000 1.932012
v -15.073765 0.350000 1.981988
v -15.364235 0.350000 2.217012
v -15.301765 0.350000 2.266988
v -15.368172 0.000000 2.222949
v -15.297828 0.000000 2.261051
v -15.615172 0.000000 2.678949
v -15.544828 0.000000 2.717051
v -15.368172 0.350000 2.222949
v -15.297828 0.350000 2.261051
v -15.615172 0.350000 2.678949
v -15.544828 0.350000 2.717051
v -15.618806 0.000000 2.688299
v -15.541194 0.000000 2.707701
v -15.808806 0.000000 3.448299
v -15.731194 0.000000 3.467701
v -15.618806 0.350000 2.688299
v -15.541194 0.350000 2.707701
v -15.808806 0.350000 3.448299
v -15.731194 0.350000 3.467701
v -15.810000 0.000000 3.458000
v -15.730000 0.000000 3.458000
v -15.810000 0.000000 7.201000
v -15.730000 0.000000 7.201000
v -15.810000 0.350000 3.458000
v -15.730000 0.350000 3.458000
v -15.810000 0.350000 7.201000
v -15.730000 0.350000 7.201000
v -15.770000 0.000000 7.161000
v -15.770000 0.000000 7.241000
v -16.055000 0.000000 7.161000
v -16.055000 0.000000 7.241000
v -15.770000 0.350000 7.161000
v -15.770000 0.350000 7.241000
v -16.055000 0.350000 7.161000
v -16.055000 0.350000 7.241000
v 8.236716 0.000000 5.405284
v 8.293284 0.000000 5.348716
v 8.274716 0.000000 5.443284
v 8.331284 0.000000 5.386716
v 8.236716 0.350000 5.405284
v 8.293284 0.350000 5.348716
v 8.274716 0.350000 5.443284
v 8.331284 0.350000 5.386716
v 8.303000 0.000000 5.455000
v 8.303000 0.000000 5.375000
v 13.965000 0.000000 5.455000
v 13.965000 0.000000 5.375000
v 8.303000 0.350000 5.455000
v 8.303000 0.350000 5.375000
v 13.965000 0.350000 5.455000
v 13.965000 0.350000 5.375000
v 13.979045 0.000000 5.452453
v 13.950955 0.000000 5.377547
v 14.131045 0.000000 5.395453
v 14.102955 0.000000 5.320547
v 13.979045 0.350000 5.452453
v 13.950955 0.350000 5.377547
v 14.131045 0.350000 5.395453
v 14.102955 0.350000 5.320547
v 14.145284 0.000000 5.386284
v 14.088716 0.000000 5.329716
v 14.278284 0.000000 5.253284
v 14.221716 0.000000 5.196716
v 14.145284 0.350000 5.386284
v 14.088716 0.350000 5.329716
v 14.278284 0.350000 5.253284
v 14.221716 0.350000 5.196716
v 14.286552 0.000000 5.241246
v 14.213448 0.000000 5.208754
v 14.362552 0.000000 5.070246
v 14.289448 0.000000 5.037754
v 14.286552 0.350000 5.241246
v 14.213448 0.350000 5.208754
v 14.362552 0.350000 5.070246
v 14.289448 0.350000 5.037754
v 14.366000 0.000000 5.054000
v 14.286000 0.000000 5.054000
v 14.366000 0.000000 4.921000
v 14.286000 0.000000 4.921000
v 14.366000 0.350000 5.054000
v 14.286000 0.350000 5.054000
v 14.366000 0.350000 4.921000
v 14.286000 0.350000 4.921000
v 14.362552 0.000000 4.904754
v 14.289448 0.000000 4.937246
v 14.286552 0.000000 4.733754
v 14.213448 0.000000 4.766246
v 14.362552 0.350000 4.904754
v 14.289448 0.350000 4.937246
v 14.286552 0.350000 4.733754
v 14.213448 0.350000 4.766246
v 14.278284 0.000000 4.721716
v 14.221716 0.000000 4.778284
v 14.164284 0.000000 4.607716
v 14.107716 0.000000 4.664284
v 14.278284 0.350000 4.721716
v 14.221716 0.350000 4.778284
v 14.164284 0.350000 4.607716
v 14.107716 0.350000 4.664284
v 14.152246 0.000000 4.599448
v 14.119754 0.000000 4.672552
v 13.981246 0.000000 4.523448
v 13.948754 0.000000 4.596552
v 14.152246 0.350000 4.599448
v 14.119754 0.350000 4.672552
v 13.981246 0.350000 4.523448
v 13.948754 0.350000 4.596552
v 13.965000 0.000000 4.520000
v 13.965000 0.000000 4.600000
v 11.172000 0.000000 4.520000
v 11.172000 0.000000 4.600000
v 13.965000 0.350000 4.520000
v 13.965000 0.350000 4.600000
v 11.172000 0.350000 4.520000
v 11.172000 0.350000 4.600000
v 11.181424 0.000000 4.521126
v 11.162576 0.000000 4.598874
v 10.554424 0.000000 4.369126
v 10.535576 0.000000 4.446874
v 11.181424 0.350000 4.521126
v 11.162576 0.350000 4.598874
v 10.554424 0.350000 4.369126
v 10.535576 0.350000 4.446874
v 10.564426 0.000000 4.373034
v 10.525574 0.000000 4.442966
v 10.222426 0.000000 4.183034
v 10.183574 0.000000 4.252966
v 10.564426 0.350000 4.373034
v 10.525574 0.350000 4.442966
v 10.222426 0.350000 4.183034
v 10.183574 0.350000 4.252966
v 10.228607 0.000000 4.187271
v 10.177393 0.000000 4.248729
v 9.886607 0.000000 3.902271
v 9.835393 0.000000 3.963729
v 10.228607 0.350000 4.187271
v 10.177393 0.350000 4.248729
v 9.886607 0.350000 3.902271
v 9.835393 0.350000 3.963729
v 9.893000 0.000000 3.909000
v 9.829000 0.000000 3.957000
v 9.608000 0.000000 3.529000
v 9.544000 0.000000 3.577000
v 9.893000 0.350000 3.909000
v 9.829000 0.350000 3.957000
v 9.608000 0.350000 3.529000
v 9.544000 0.350000 3.577000
v 9.612150 0.000000 3.535877
v 9.539850 0.000000 3.570123
v 9.441150 0.000000 3.174877
v 9.368850 0.000000 3.209123
v 9.612150 0.350000 3.535877
v 9.539850 0.350000 3.570123
v 9.441150 0.350000 3.174877
v 9.368850 0.350000 3.209123
v 9.369537 0.000000 3.173497
v 9.440463 0.000000 3.210503
v 8.229537 0.000000 5.358497
v 8.300463 0.000000 5.395503
v 9.369537 0.350000 3.173497
v 9.440463 0.350000 3.210503
v 8.229537 0.350000 5.358497
v 8.300463 0.350000 5.395503
v -6.135000 0.000000 9.177000
v -6.215000 0.000000 9.177000
v -6.135000 0.000000 8.892000
v -6.215000 0.000000 8.892000
v -6.135000 0.350000 9.177000
v -6.215000 0.350000 9.177000
v -6.135000 0.350000 8.892000
v -6.215000 0.350000 8.892000
v -6.175000 0.000000 8.932000
v -6.175000 0.000000 8.852000
v -5.263000 0.000000 8.932000
v -5.263000 0.000000 8.852000
v -6.175000 0.350000 8.932000
v -6.175000 0.350000 8.852000
v -5.263000 0.350000 8.932000
v -5.263000 0.350000 8.852000
v -5.303000 0.000000 8.892000
v -5.223000 0.000000 8.892000
v -5.303000 0.000000 9.177000
v -5.223000 0.000000 9.177000
v -5.303000 0.350000 8.892000
v -5.223000 0.350000 8.892000
v -5.303000 0.350000 9.177000
v -5.223000 0.350000 9.177000
v -5.263000 0.000000 9.137000
v -5.263000 0.000000 9.217000
v -6.175000 0.000000 9.137000
v -6.175000 0.000000 9.217000
v -5.263000 0.350000 9.137000
v -5.263000 0.350000 9.217000
v -6.175000 0.350000 9.137000
v -6.175000 0.350000 9.217000
v 6.695907 0.000000 7.722402
v 6.642093 0.000000 7.781598
v 6.486907 0.000000 7.532402
v 6.433093 0.000000 7.591598
v 6.695907 0.350000 7.722402
v 6.642093 0.350000 7.781598
v 6.486907 0.350000 7.532402
v 6.433093 0.350000 7.591598
v 6.488284 0.000000 7.590284
v 6.431716 0.000000 7.533716
v 6.697284 0.000000 7.381284
v 6.640716 0.000000 7.324716
v 6.488284 0.350000 7.590284
v 6.431716 0.350000 7.533716
v 6.697284 0.350000 7.381284
v 6.640716 0.350000 7.324716
v 6.709000 0.000000 7.353000
v 6.629000 0.000000 7.353000
v 6.709000 0.000000 7.182000
v 6.629000 0.000000 7.182000
v 6.709000 0.350000 7.353000
v 6.629000 0.350000 7.353000
v 6.709000 0.350000 7.182000
v 6.629000 0.350000 7.182000
v 6.629000 0.000000 7.182000
v 6.709000 0.000000 7.182000
v 6.629000 0.000000 7.353000
v 6.709000 0.000000 7.353000
v 6.629000 0.350000 7.182000
v 6.709000 0.350000 7.182000
v 6.629000 0.350000 7.353000
v 6.709000 0.350000 7.353000
v 6.640716 0.000000 7.381284
v 6.697284 0.000000 7.324716
v 6.849716 0.000000 7.590284
v 6.906284 0.000000 7.533716
v 6.640716 0.350000 7.381284
v 6.697284 0.350000 7.324716
v 6.849716 0.350000 7.590284
v 6.906284 0.350000 7.533716
v 6.851093 0.000000 7.532402
v 6.904907 0.000000 7.591598
v 6.642093 0.000000 7.722402
v 6.695907 0.000000 7.781598
v 6.851093 0.350000 7.532402
v 6.904907 0.350000 7.591598
v 6.642093 0.350000 7.722402
v 6.695907 0.350000 7.781598
v 6.709000 0.000000 5.396000
v 6.629000 0.000000 5.396000
v 6.709000 0.000000 5.225000
v 6.629000 0.000000 5.225000
v 6.709000 0.350000 5.396000
v 6.629000 0.350000 5.396000
v 6.709000 0.350000 5.225000
v 6.629000 0.350000 5.225000
v 6.697284 0.000000 5.196716
v 6.640716 0.000000 5.253284
v 6.507284 0.000000 5.006716
v 6.450716 0.000000 5.063284
v 6.697284 0.350000 5.196716
v 6.640716 0.350000 5.253284
v 6.507284 0.350000 5.006716
v 6.450716 0.350000 5.063284
v 6.508598 0.000000 5.061907
v 6.449402 0.000000 5.008093
v 6.698598 0.000000 4.852907
v 6.639402 0.000000 4.799093
v 6.508598 0.350000 5.061907
v 6.449402 0.350000 5.008093
v 6.698598 0.350000 4.852907
v 6.639402 0.350000 4.799093
v 6.640716 0.000000 4.854284
v 6.697284 0.000000 4.797716
v 6.830716 0.000000 5.044284
v 6.887284 0.000000 4.987716
v 6.640716 0.350000 4.854284
v 6.697284 0.350000 4.797716
v 6.830716 0.350000 5.044284
v 6.887284 0.350000 4.987716
v 6.829402 0.000000 4.989093
v 6.888598 0.000000 5.042907
v 6.639402 0.000000 5.198093
v 6.698598 0.000000 5.251907
v 6.829402 0.350000 4.989093
v 6.888598 0.350000 5.042907
v 6.639402 0.350000 5.198093
v 6.698598 0.350000 5.251907
v 6.629000 0.000000 5.225000
v 6.709000 0.000000 5.225000
v 6.629000 0.000000 5.396000
v 6.709000 0.000000 5.396000
v 6.629000 0.350000 5.225000
v 6.709000 0.350000 5.225000
v 6.629000 0.350000 5.396000
v 6.709000 0.350000 5.396000
v -10.942000 0.000000 12.008000
v -11.022000 0.000000 12.008000
v -10.942000 0.000000 11.704000
v -11.022000 0.000000 11.704000
v -10.942000 0.350000 12.008000
v -11.022000 0.350000 12.008000
v -10.942000 0.350000 11.704000
v -11.022000 0.350000 11.704000
v -10.982000 0.000000 11.744000
v -10.982000 0.000000 11.664000
v -10.678000 0.000000 11.744000
v -10.678000 0.000000 11.664000
v -10.982000 0.350000 11.744000
v -10.982000 0.350000 11.664000
v -10.678000 0.350000 11.744000
v -10.678000 0.350000 11.664000
v -10.718000 0.000000 11.704000
v -10.638000 0.000000 11.704000
v -10.718000 0.000000 12.008000
v -10.638000 0.000000 12.008000
v -10.718000 0.350000 11.704000
v -10.638000 0.350000 11.704000
v -10.718000 0.350000 12.008000
v -10.638000 0.350000 12.008000
v -10.678000 0.000000 11.968000
v -10.678000 0.000000 12.048000
v -10.982000 0.000000 11.968000
v -10.982000 0.000000 12.048000
v -10.678000 0.350000 11.968000
v -10.678000 0.350000 12.048000
v -10.982000 0.350000 11.968000
v -10.982000 0.350000 12.048000
v -15.502000 0.000000 12.008000
v -15.582000 0.000000 12.008000
v -15.502000 0.000000 11.704000
v -15.582000 0.000000 11.704000
v -15.502000 0.350000 12.008000
v -15.582000 0.350000 12.008000
v -15.502000 0.350000 11.704000
v -15.582000 0.350000 11.704000
v -15.542000 0.000000 11.744000
v -15.542000 0.000000 11.664000
v -15.238000 0.000000 11.744000
v -15.238000 0.000000 11.664000
v -15.542000 0.350000 11.744000
v -15.542000 0.350000 11.664000
v -15.238000 0.350000 11.744000
v -15.238000 0.350000 11.664000
v -15.278000 0.000000 11.704000
v -15.198000 0.000000 11.704000
v -15.278000 0.000000 12.008000
v -15.198000 0.000000 12.008000
v -15.278000 0.350000 11.704000
v -15.198000 0.350000 11.704000
v -15.278000 0.350000 12.008000
v -15.198000 0.350000 12.008000
v -15.238000 0.000000 11.968000
v -15.238000 0.000000 12.048000
v -15.542000 0.000000 11.968000
v -15.542000 0.000000 12.048000
v -15.238000 0.350000 11.968000
v -15.238000 0.350000 12.048000
v -15.542000 0.350000 11.968000
v -15.542000 0.350000 12.048000
v -11.588000 0.000000 12.008000
v -11.668000 0.000000 12.008000
v -11.588000 0.000000 11.704000
v -11.668000 0.000000 11.704000
v -11.588000 0.350000 12.008000
v -11.668000 0.350000 12.008000
v -11.588000 0.350000 11.704000
v -11.668000 0.350000 11.704000
v -11.628000 0.000000 11.744000
v -11.628000 0.000000 11.664000
v -11.324000 0.000000 11.744000
v -11.324000 0.000000 11.664000
v -11.628000 0.350000 11.744000
v -11.628000 0.350000 11.664000
v -11.324000 0.350000 11.744000
v -11.324000 0.350000 11.664000
v -11.364000 0.000000 11.704000
v -11.284000 0.000000 11.704000
v -11.364000 0.000000 12.008000
v -11.284000 0.000000 12.008000
v -11.364000 0.350000 11.704000
v -11.284000 0.350000 11.704000
v -11.364000 0.350000 12.008000
v -11.284000 0.350000 12.008000
v -11.324000 0.000000 11.968000
v -11.324000 0.000000 12.048000
v -11.628000 0.000000 11.968000
v -11.628000 0.000000 12.048000
v -11.324000 0.350000 11.968000
v -11.324000 0.350000 12.048000
v -11.628000 0.350000 11.968000
v -11.628000 0.350000 12.048000
v -13.545000 0.000000 12.008000
v -13.625000 0.000000 12.008000
v -13.545000 0.000000 11.704000
v -13.625000 0.000000 11.704000
v -13.545000 0.350000 12.008000
v -13.625000 0.350000 12.008000
v -13.545000 0.350000 11.704000
v -13.625000 0.350000 11.704000
v -13.585000 0.000000 11.744000
v -13.585000 0.000000 11.664000
v -13.281000 0.000000 11.744000
v -13.281000 0.000000 11.664000
v -13.585000 0.350000 11.744000
v -13.585000 0.350000 11.664000
v -13.281000 0.350000 11.744000
v -13.281000 0.350000 11.664000
v -13.321000 0.000000 11.704000
v -13.241000 0.000000 11.704000
v -13.321000 0.000000 12.008000
v -13.241000 0.000000 12.008000
v -13.321000 0.350000 11.704000
v -13.241000 0.350000 11.704000
v -13.321000 0.350000 12.008000
v -13.241000 0.350000 12.008000
v -13.281000 0.000000 11.968000
v -13.281000 0.000000 12.048000
v -13.585000 0.000000 11.968000
v -13.585000 0.000000 12.048000
v -13.281000 0.350000 11.968000
v -13.281000 0.350000 12.048000
v -13.585000 0.350000 11.968000
v -13.585000 0.350000 12.048000
v 11.858000 0.000000 13.604000
v 11.778000 0.000000 13.604000
v 11.858000 0.000000 13.300000
v 11.778000 0.000000 13.300000
v 11.858000 0.350000 13.604000
v 11.778000 0.350000 13.604000
v 11.858000 0.350000 13.300000
v 11.778000 0.350000 13.300000
v 11.818000 0.000000 13.340000
v 11.818000 0.000000 13.260000
v 12.122000 0.000000 13.340000
v 12.122000 0.000000 13.260000
v 11.818000 0.350000 13.340000
v 11.818000 0.350000 13.260000
v 12.122000 0.350000 13.340000
v 12.122000 0.350000 13.260000
v 12.082000 0.000000 13.300000
v 12.162000 0.000000 13.300000
v 12.082000 0.000000 13.604000
v 12.162000 0.000000 13.604000
v 12.082000 0.350000 13.300000
v 12.162000 0.350000 13.300000
v 12.082000 0.350000 13.604000
v 12.162000 0.350000 13.604000
v 12.122000 0.000000 13.564000
v 12.122000 0.000000 13.644000
v 11.818000 0.000000 13.564000
v 11.818000 0.000000 13.644000
v 12.122000 0.350000 13.564000
v 12.122000 0.350000 13.644000
v 11.818000 0.350000 13.564000
v 11.818000 0.350000 13.644000
v -12.709000 0.000000 1.102000
v -12.789000 0.000000 1.102000
v -12.709000 0.000000 0.817000
v -12.789000 0.000000 0.817000
v -12.709000 0.350000 1.102000
v -12.789000 0.350000 1.102000
v -12.709000 0.350000 0.817000
v -12.789000 0.350000 0.817000
v -12.749000 0.000000 0.857000
v -12.749000 0.000000 0.777000
v -12.445000 0.000000 0.857000
v -12.445000 0.000000 0.777000
v -12.749000 0.350000 0.857000
v -12.749000 0.350000 0.777000
v -12.445000 0.350000 0.857000
v -12.445000 0.350000 0.777000
v -12.485000 0.000000 0.817000
v -12.405000 0.000000 0.817000
v -12.485000 0.000000 1.102000
v -12.405000 0.000000 1.102000
v -12.485000 0.350000 0.817000
v -12.405000 0.350000 0.817000
v -12.485000 0.350000 1.102000
v -12.405000 0.350000 1.102000
v -12.445000 0.000000 1.062000
v -12.445000 0.000000 1.142000
v -12.749000 0.000000 1.062000
v -12.749000 0.000000 1.142000
v -12.445000 0.350000 1.062000
v -12.445000 0.350000 1.142000
v -12.749000 0.350000 1.062000
v -12.749000 0.350000 1.142000
v -16.015000 0.000000 7.866000
v -16.095000 0.000000 7.866000
v -16.015000 0.000000 7.562000
v -16.095000 0.000000 7.562000
v -16.015000 0.350000 7.866000
v -16.095000 0.350000 7.866000
v -16.015000 0.350000 7.562000
v -16.095000 0.350000 7.562000
v -16.055000 0.000000 7.602000
v -16.055000 0.000000 7.522000
v -15.770000 0.000000 7.602000
v -15.770000 0.000000 7.522000
v -16.055000 0.350000 7.602000
v -16.055000 0.350000 7.522000
v -15.770000 0.350000 7.602000
v -15.770000 0.350000 7.522000
v -15.810000 0.000000 7.562000
v -15.730000 0.000000 7.562000
v -15.810000 0.000000 7.866000
v -15.730000 0.000000 7.866000
v -15.810000 0.350000 7.562000
v -15.730000 0.350000 7.562000
v -15.810000 0.350000 7.866000
v -15.730000 0.350000 7.866000
v -15.770000 0.000000 7.826000
v -15.770000 0.000000 7.906000
v -16.055000 0.000000 7.826000
v -16.055000 0.000000 7.906000
v -15.770000 0.350000 7.826000
v -15.770000 0.350000 7.906000
v -16.055000 0.350000 7.826000
v -16.055000 0.350000 7.906000
v -12.234000 0.000000 12.008000
v -12.314000 0.000000 12.008000
v -12.234000 0.000000 11.704000
v -12.314000 0.000000 11.704000
v -12.234000 0.350000 12.008000
v -12.314000 0.350000 12.008000
v -12.234000 0.350000 11.704000
v -12.314000 0.350000 11.704000
v -12.274000 0.000000 11.744000
v -12.274000 0.000000 11.664000
v -11.989000 0.000000 11.744000
v -11.989000 0.000000 11.664000
v -12.274000 0.350000 11.744000
v -12.274000 0.350000 11.664000
v -11.989000 0.350000 11.744000
v -11.989000 0.350000 11.664000
v -12.029000 0.000000 11.704000
v -11.949000 0.000000 11.704000
v -12.029000 0.000000 12.008000
v -11.949000 0.000000 12.008000
v -12.029000 0.350000 11.704000
v -11.949000 0.350000 11.704000
v -12.029000 0.350000 12.008000
v -11.949000 0.350000 12.008000
v -11.989000 0.000000 11.968000
v -11.989000 0.000000 12.048000
v -12.274000 0.000000 11.968000
v -12.274000 0.000000 12.048000
v -11.989000 0.350000 11.968000
v -11.989000 0.350000 12.048000
v -12.274000 0.350000 11.968000
v -12.274000 0.350000 12.048000
v -12.880000 0.000000 12.008000
v -12.960000 0.000000 12.008000
v -12.880000 0.000000 11.704000
v -12.960000 0.000000 11.704000
v -12.880000 0.350000 12.008000
v -12.960000 0.350000 12.008000
v -12.880000 0.350000 11.704000
v -12.960000 0.350000 11.704000
v -12.920000 0.000000 11.744000
v -12.920000 0.000000 11.664000
v -12.635000 0.000000 11.744000
v -12.635000 0.000000 11.664000
v -12.920000 0.350000 11.744000
v -12.920000 0.350000 11.664000
v -12.635000 0.350000 11.744000
v -12.635000 0.350000 11.664000
v -12.675000 0.000000 11.704000
v -12.595000 0.000000 11.704000
v -12.675000 0.000000 12.008000
v -12.595000 0.000000 12.008000
v -12.675000 0.350000 11.704000
v -12.595000 0.350000 11.704000
v -12.675000 0.350000 12.008000
v -12.595000 0.350000 12.008000
v -12.635000 0.000000 11.968000
v -12.635000 0.000000 12.048000
v -12.920000 0.000000 11.968000
v -12.920000 0.000000 12.048000
v -12.635000 0.350000 11.968000
v -12.635000 0.350000 12.048000
v -12.920000 0.350000 11.968000
v -12.920000 0.350000 12.048000
v -14.191000 0.000000 12.008000
v -14.271000 0.000000 12.008000
v -14.191000 0.000000 11.704000
v -14.271000 0.000000 11.704000
v -14.191000 0.350000 12.008000
v -14.271000 0.350000 12.008000
v -14.191000 0.350000 11.704000
v -14.271000 0.350000 11.704000
v -14.231000 0.000000 11.744000
v -14.231000 0.000000 11.664000
v -13.946000 0.000000 11.744000
v -13.946000 0.000000 11.664000
v -14.231000 0.350000 11.744000
v -14.231000 0.350000 11.664000
v -13.946000 0.350000 11.744000
v -13.946000 0.350000 11.664000
v -13.986000 0.000000 11.704000
v -13.906000 0.000000 11.704000
v -13.986000 0.000000 12.008000
v -13.906000 0.000000 12.008000
v -13.986000 0.350000 11.704000
v -13.906000 0.350000 11.704000
v -13.986000 0.350000 12.008000
v -13.906000 0.350000 12.008000
v -13.946000 0.000000 11.968000
v -13.946000 0.000000 12.048000
v -14.231000 0.000000 11.968000
v -14.231000 0.000000 12.048000
v -13.946000 0.350000 11.968000
v -13.946000 0.350000 12.048000
v -14.231000 0.350000 11.968000
v -14.231000 0.350000 12.048000
f 1 3 7
f 1 7 5
f 2 6 8
f 2 8 4
f 5 7 8
f 5 8 6
f 9 11 15
f 9 15 13
f 10 14 16
f 10 16 12
f 13 15 16
f 13 16 14
f 17 19 23
f 17 23 21
f 18 22 24
f 18 24 20
f 21 23 24
f 21 24 22
f 25 27 31
f 25 31 29
f 26 30 32
f 26 32 28
f 29 31 32
f 29 32 30
f 33 35 39
f 33 39 37
f 34 38 40
f 34 40 36
f 37 39 40
f 37 40 38
f 41 43 47
f 41 47 45
f 42 46 48
f 42 48 44
f 45 47 48
f 45 48 46
f 49 51 55
f 49 55 53
f 50 54 56
f 50 56 52
f 53 55 56
f 53 56 54
f 57 59 63
f 57 63 61
f 58 62 64
f 58 64 60
f 61 63 64
f 61 64 62
f 65 67 71
f 65 71 69
f 66 70 72
f 66 72 68
f 69 71 72
f 69 72 70
f 73 75 79
f 73 79 77
f 74 78 80
f 74 80 76
f 77 79 80
f 77 80 78
f 81 83 87
f 81 87 85
f 82 86 88
f 82 88 84
f 85 87 88
f 85 88 86
f 89 91 95
f 89 95 93
f 90 94 96
f 90 96 92
f 93 95 96
f 93 96 94
f 97 99 103
f 97 103 101
f 98 102 104
f 98 104 100
f 101 103 104
f 101 104 102
f 105 107 111
f 105 111 109
f 106 110 112
f 106 112 108
f 109 111 112
f 109 112 110
f 113 115 119
f 113 119 117
f 114 118 120
f 114 120 116
f 117 119 120
f 117 120 118
f 121 123 127
f 121 127 125
f 122 126 128
f 122 128 124
f 125 127 128
f 125 128 126
f 129 131 135
f 129 135 133
f 130 134 136
f 130 136 132
f 133 135 136
f 133 136 134
f 137 139 143
f 137 143 141
f 138 142 144
f 138 144 140
f 141 143 144
f 141 144 142
f 145 147 151
f 145 151 149
f 146 150 152
f 146 152 148
f 149 151 152
f 149 152 150
f 153 155 159
f 153 159 157
f 154 158 160
f 154 160 156
f 157 159 160
f 157 160 158
f 161 163 167
f 161 167 165
f 162 166 168
f 162 168 164
f 165 167 168
f 165 168 166
f 169 171 175
f 169 175 173
f 170 174 176
f 170 176 172
f 173 175 176
f 173 176 174
f 177 179 183
f 177 183 181
f 178 182 184
f 178 184 180
f 181 183 184
f 181 184 182
f 185 187 191
f 185 191 189
f 186 190 192
f 186 192 188
f 189 191 192
f 189 192 190
f 193 195 199
f 193 199 197
f 194 198 200
f 194 200 196
f 197 199 200
f 197 200 198
f 201 203 207
f 201 207 205
f 202 206 208
f 202 208 204
f 205 207 208
f 205 208 206
f 209 211 215
f 209 215 213
f 210 214 216
f 210 216 212
f 213 215 216
f 213 216 214
f 217 219 223
f 217 223 221
f 218 222 224
f 218 224 220
f 221 223 224
f 221 224 222
f 225 227 231
f 225 231 229
f 226 230 232
f 226 232 228
f 229 231 232
f 229 232 230
f 233 235 239
f 233 239 237
f 234 238 240
f 234 240 236
f 237 239 240
f 237 240 238
f 241 243 247
f 241 247 245
f 242 246 248
f 242 248 244
f 245 247 248
f 245 248 246
f 249 251 255
f 249 255 253
f 250 254 256
f 250 256 252
f 253 255 256
f 253 256 254
f 257 259 263
f 257 263 261
f 258 262 264
f 258 264 260
f 261 263 264
f 261 264 262
f 265 267 271
f 265 271 269
f 266 270 272
f 266 272 268
f 269 271 272
f 269 272 270
f 273 275 279
f 273 279 277
f 274 278 280
f 274 280 276
f 277 279 280
f 277 280 278
f 281 283 287
f 281 287 285
f 282 286 288
f 282 288 284
f 285 287 288
f 285 288 286
f 289 291 295
f 289 295 293
f 290 294 296
f 290 296 292
f 293 295 296
f 293 296 294
f 297 299 303
f 297 303 301
f 298 302 304
f 298 304 300
f 301 303 304
f 301 304 302
f 305 307 311
f 305 311 309
f 306 310 312
f 306 312 308
f 309 311 312
f 309 312 310
f 313 315 319
f 313 319 317
f 314 318 320
f 314 320 316
f 317 319 320
f 317 320 318
f 321 323 327
f 321 327 325
f 322 326 328
f 322 328 324
f 325 327 328
f 325 328 326
f 329 331 335
f 329 335 333
f 330 334 336
f 330 336 332
f 333 335 336
f 333 336 334
f 337 339 343
f 337 343 341
f 338 342 344
f 338 344 340
f 341 343 344
f 341 344 342
f 345 347 351
f 345 351 349
f 346 350 352
f 346 352 348
f 349 351 352
f 349 352 350
f 353 355 359
f 353 359 357
f 354 358 360
f 354 360 356
f 357 359 360
f 357 360 358
f 361 363 367
f 361 367 365
f 362 366 368
f 362 368 364
f 365 367 368
f 365 368 366
f 369 371 375
f 369 375 373
f 370 374 376
f 370 376 372
f 373 375 376
f 373 376 374
f 377 379 383
f 377 383 381
f 378 382 384
f 378 384 380
f 381 383 384
f 381 384 382
f 385 387 391
f 385 391 389
f 386 390 392
f 386 392 388
f 389 391 392
f 389 392 390
f 393 395 399
f 393 399 397
f 394 398 400
f 394 400 396
f 397 399 400
f 397 400 398
f 401 403 407
f 401 407 405
f 402 406 408
f 402 408 404
f 405 407 408
f 405 408 406
f 409 411 415
f 409 415 413
f 410 414 416
f 410 416 412
f 413 415 416
f 413 416 414
f 417 419 423
f 417 423 421
f 418 422 424
f 418 424 420
f 421 423 424
f 421 424 422
f 425 427 431
f 425 431 429
f 426 430 432
f 426 432 428
f 429 431 432
f 429 432 430
f 433 435 439
f 433 439 437
f 434 438 440
f 434 440 436
f 437 439 440
f 437 440 438
f 441 443 447
f 441 447 445
f 442 446 448
f 442 448 444
f 445 447 448
f 445 448 446
f 449 451 455
f 449 455 453
f 450 454 456
f 450 456 452
f 453 455 456
f 453 456 454
f 457 459 463
f 457 463 461
f 458 462 464
f 458 464 460
f 461 463 464
f 461 464 462
f 465 467 471
f 465 471 469
f 466 470 472
f 466 472 468
f 469 471 472
f 469 472 470
f 473 475 479
f 473 479 477
f 474 478 480
f 474 480 476
f 477 479 480
f 477 480 478
f 481 483 487
f 481 487 485
f 482 486 488
f 482 488 484
f 485 487 488
f 485 488 486
f 489 491 495
f 489 495 493
f 490 494 496
f 490 496 492
f 493 495 496
f 493 496 494
f 497 499 503
f 497 503 501
f 498 502 504
f 498 504 500
f 501 503 504
f 501 504 502
f 505 507 511
f 505 511 509
f 506 510 512
f 506 512 508
f 509 511 512
f 509 512 510
f 513 515 519
f 513 519 517
f 514 518 520
f 514 520 516
f 517 519 520
f 517 520 518
f 521 523 527
f 521 527 525
f 522 526 528
f 522 528 524
f 525 527 528
f 525 528 526
f 529 531 535
f 529 535 533
f 530 534 536
f 530 536 532
f 533 535 536
f 533 536 534
f 537 539 543
f 537 543 541
f 538 542 544
f 538 544 540
f 541 543 544
f 541 544 542
f 545 547 551
f 545 551 549
f 546 550 552
f 546 552 548
f 549 551 552
f 549 552 550
f 553 555 559
f 553 559 557
f 554 558 560
f 554 560 556
f 557 559 560
f 557 560 558
f 561 563 567
f 561 567 565
f 562 566 568
f 562 568 564
f 565 567 568
f 565 568 566
f 569 571 575
f 569 575 573
f 570 574 576
f 570 576 572
f 573 575 576
f 573 576 574
f 577 579 583
f 577 583 581
f 578 582 584
f 578 584 580
f 581 583 584
f 581 584 582
f 585 587 591
f 585 591 589
f 586 590 592
f 586 592 588
f 589 591 592
f 589 592 590
f 593 595 599
f 593 599 597
f 594 598 600
f 594 600 596
f 597 599 600
f 597 600 598
f 601 603 607
f 601 607 605
f 602 606 608
f 602 608 604
f 605 607 608
f 605 608 606
f 609 611 615
f 609 615 613
f 610 614 616
f 610 616 612
f 613 615 616
f 613 616 614
f 617 619 623
f 617 623 621
f 618 622 624
f 618 624 620
f 621 623 624
f 621 624 622
f 625 627 631
f 625 631 629
f 626 630 632
f 626 632 628
f 629 631 632
f 629 632 630
f 633 635 639
f 633 639 637
f 634 638 640
f 634 640 636
f 637 639 640
f 637 640 638
f 641 643 647
f 641 647 645
f 642 646 648
f 642 648 644
f 645 647 648
f 645 648 646
f 649 651 655
f 649 655 653
f 650 654 656
f 650 656 652
f 653 655 656
f 653 656 654
f 657 659 663
f 657 663 661
f 658 662 664
f 658 664 660
f 661 663 664
f 661 664 662
f 665 667 671
f 665 671 669
f 666 670 672
f 666 672 668
f 669 671 672
f 669 672 670
f 673 675 679
f 673 679 677
f 674 678 680
f 674 680 676
f 677 679 680
f 677 680 678
f 681 683 687
f 681 687 685
f 682 686 688
f 682 688 684
f 685 687 688
f 685 688 686
f 689 691 695
f 689 695 693
f 690 694 696
f 690 696 692
f 693 695 696
f 693 696 694
f 697 699 703
f 697 703 701
f 698 702 704
f 698 704 700
f 701 703 704
f 701 704 702
f 705 707 711
f 705 711 709
f 706 710 712
f 706 712 708
f 709 711 712
f 709 712 710
f 713 715 719
f 713 719 717
f 714 718 720
f 714 720 716
f 717 719 720
f 717 720 718
f 721 723 727
f 721 727 725
f 722 726 728
f 722 728 724
f 725 727 728
f 725 728 726
f 729 731 735
f 729 735 733
f 730 734 736
f 730 736 732
f 733 735 736
f 733 736 734
f 737 739 743
f 737 743 741
f 738 742 744
f 738 744 740
f 741 743 744
f 741 744 742
f 745 747 751
f 745 751 749
f 746 750 752
f 746 752 748
f 749 751 752
f 749 752 750
f 753 755 759
f 753 759 757
f 754 758 760
f 754 760 756
f 757 759 760
f 757 760 758
f 761 763 767
f 761 767 765
f 762 766 768
f 762 768 764
f 765 767 768
f 765 768 766
f 769 771 775
f 769 775 773
f 770 774 776
f 770 776 772
f 773 775 776
f 773 776 774
f 777 779 783
f 777 783 781
f 778 782 784
f 778 784 780
f 781 783 784
f 781 784 782
f 785 787 791
f 785 791 789
f 786 790 792
f 786 792 788
f 789 791 792
f 789 792 790
f 793 795 799
f 793 799 797
f 794 798 800
f 794 800 796
f 797 799 800
f 797 800 798
f 801 803 807
f 801 807 805
f 802 806 808
f 802 808 804
f 805 807 808
f 805 808 806
f 809 811 815
f 809 815 813
f 810 814 816
f 810 816 812
f 813 815 816
f 813 816 814
f 817 819 823
f 817 823 821
f 818 822 824
f 818 824 820
f 821 823 824
f 821 824 822
f 825 827 831
f 825 831 829
f 826 830 832
f 826 832 828
f 829 831 832
f 829 832 830
f 833 835 839
f 833 839 837
f 834 838 840
f 834 840 836
f 837 839 840
f 837 840 838
f 841 843 847
f 841 847 845
f 842 846 848
f 842 848 844
f 845 847 848
f 845 848 846
f 849 851 855
f 849 855 853
f 850 854 856
f 850 856 852
f 853 855 856
f 853 856 854
f 857 859 863
f 857 863 861
f 858 862 864
f 858 864 860
f 861 863 864
f 861 864 862
f 865 867 871
f 865 871 869
f 866 870 872
f 866 872 868
f 869 871 872
f 869 872 870
f 873 875 879
f 873 879 877
f 874 878 880
f 874 880 876
f 877 879 880
f 877 880 878
f 881 883 887
f 881 887 885
f 882 886 888
f 882 888 884
f 885 887 888
f 885 888 886
f 889 891 895
f 889 895 893
f 890 894 896
f 890 896 892
f 893 895 896
f 893 896 894
f 897 899 903
f 897 903 901
f 898 902 904
f 898 904 900
f 901 903 904
f 901 904 902
f 905 907 911
f 905 911 909
f 906 910 912
f 906 912 908
f 909 911 912
f 909 912 910
f 913 915 919
f 913 919 917
f 914 918 920
f 914 920 916
f 917 919 920
f 917 920 918
f 921 923 927
f 921 927 925
f 922 926 928
f 922 928 924
f 925 927 928
f 925 928 926
f 929 931 935
f 929 935 933
f 930 934 936
f 930 936 932
f 933 935 936
f 933 936 934
f 937 939 943
f 937 943 941
f 938 942 944
f 938 944 940
f 941 943 944
f 941 944 942
f 945 947 951
f 945 951 949
f 946 950 952
f 946 952 948
f 949 951 952
f 949 952 950
f 953 955 959
f 953 959 957
f 954 958 960
f 954 960 956
f 957 959 960
f 957 960 958
f 961 963 967
f 961 967 965
f 962 966 968
f 962 968 964
f 965 967 968
f 965 968 966
f 969 971 975
f 969 975 973
f 970 974 976
f 970 976 972
f 973 975 976
f 973 976 974
f 977 979 983
f 977 983 981
f 978 982 984
f 978 984 980
f 981 983 984
f 981 984 982
f 985 987 991
f 985 991 989
f 986 990 992
f 986 992 988
f 989 991 992
f 989 992 990
f 993 995 999
f 993 999 997
f 994 998 1000
f 994 1000 996
f 997 999 1000
f 997 1000 998
f 1001 1003 1007
f 1001 1007 1005
f 1002 1006 1008
f 1002 1008 1004
f 1005 1007 1008
f 1005 1008 1006
f 1009 1011 1015
f 1009 1015 1013
f 1010 1014 1016
f 1010 1016 1012
f 1013 1015 1016
f 1013 1016 1014
f 1017 1019 1023
f 1017 1023 1021
f 1018 1022 1024
f 1018 1024 1020
f 1021 1023 1024
f 1021 1024 1022
f 1025 1027 1031
f 1025 1031 1029
f 1026 1030 1032
f 1026 1032 1028
f 1029 1031 1032
f 1029 1032 1030
f 1033 1035 1039
f 1033 1039 1037
f 1034 1038 1040
f 1034 1040 1036
f 1037 1039 1040
f 1037 1040 1038
f 1041 1043 1047
f 1041 1047 1045
f 1042 1046 1048
f 1042 1048 1044
f 1045 1047 1048
f 1045 1048 1046
f 1049 1051 1055
f 1049 1055 1053
f 1050 1054 1056
f 1050 1056 1052
f 1053 1055 1056
f 1053 1056 1054
f 1057 1059 1063
f 1057 1063 1061
f 1058 1062 1064
f 1058 1064 1060
f 1061 1063 1064
f 1061 1064 1062
f 1065 1067 1071
f 1065 1071 1069
f 1066 1070 1072
f 1066 1072 1068
f 1069 1071 1072
f 1069 1072 1070
f 1073 1075 1079
f 1073 1079 1077
f 1074 1078 1080
f 1074 1080 1076
f 1077 1079 1080
f 1077 1080 1078
f 1081 1083 1087
f 1081 1087 1085
f 1082 1086 1088
f 1082 1088 1084
f 1085 1087 1088
f 1085 1088 1086
f 1089 1091 1095
f 1089 1095 1093
f 1090 1094 1096
f 1090 1096 1092
f 1093 1095 1096
f 1093 1096 1094
f 1097 1099 1103
f 1097 1103 1101
f 1098 1102 1104
f 1098 1104 1100
f 1101 1103 1104
f 1101 1104 1102
f 1105 1107 1111
f 1105 1111 1109
f 1106 1110 1112
f 1106 1112 1108
f 1109 1111 1112
f 1109 1112 1110
f 1113 1115 1119
f 1113 1119 1117
f 1114 1118 1120
f 1114 1120 1116
f 1117 1119 1120
f 1117 1120 1118
f 1121 1123 1127
f 1121 1127 1125
f 1122 1126 1128
f 1122 1128 1124
f 1125 1127 1128
f 1125 1128 1126
f 1129 1131 1135
f 1129 1135 1133
f 1130 1134 1136
f 1130 1136 1132
f 1133 1135 1136
f 1133 1136 1134
f 1137 1139 1143
f 1137 1143 1141
f 1138 1142 1144
f 1138 1144 1140
f 1141 1143 1144
f 1141 1144 1142
f 1145 1147 1151
f 1145 1151 1149
f 1146 1150 1152
f 1146 1152 1148
f 1149 1151 1152
f 1149 1152 1150
f 1153 1155 1159
f 1153 1159 1157
f 1154 1158 1160
f 1154 1160 1156
f 1157 1159 1160
f 1157 1160 1158
f 1161 1163 1167
f 1161 1167 1165
f 1162 1166 1168
f 1162 1168 1164
f 1165 1167 1168
f 1165 1168 1166
f 1169 1171 1175
f 1169 1175 1173
f 1170 1174 1176
f 1170 1176 1172
f 1173 1175 1176
f 1173 1176 1174
f 1177 1179 1183
f 1177 1183 1181
f 1178 1182 1184
f 1178 1184 1180
f 1181 1183 1184
f 1181 1184 1182
f 1185 1187 1191
f 1185 1191 1189
f 1186 1190 1192
f 1186 1192 1188
f 1189 1191 1192
f 1189 1192 1190
f 1193 1195 1199
f 1193 1199 1197
f 1194 1198 1200
f 1194 1200 1196
f 1197 1199 1200
f 1197 1200 1198
f 1201 1203 1207
f 1201 1207 1205
f 1202 1206 1208
f 1202 1208 1204
f 1205 1207 1208
f 1205 1208 1206
f 1209 1211 1215
f 1209 1215 1213
f 1210 1214 1216
f 1210 1216 1212
f 1213 1215 1216
f 1213 1216 1214
f 1217 1219 1223
f 1217 1223 1221
f 1218 1222 1224
f 1218 1224 1220
f 1221 1223 1224
f 1221 1224 1222
f 1225 1227 1231
f 1225 1231 1229
f 1226 1230 1232
f 1226 1232 1228
f 1229 1231 1232
f 1229 1232 1230
f 1233 1235 1239
f 1233 1239 1237
f 1234 1238 1240
f 1234 1240 1236
f 1237 1239 1240
f 1237 1240 1238
f 1241 1243 1247
f 1241 1247 1245
f 1242 1246 1248
f 1242 1248 1244
f 1245 1247 1248
f 1245 1248 1246
f 1249 1251 1255
f 1249 1255 1253
f 1250 1254 1256
f 1250 1256 1252
f 1253 1255 1256
f 1253 1256 1254
f 1257 1259 1263
f 1257 1263 1261
f 1258 1262 1264
f 1258 1264 1260
f 1261 1263 1264
f 1261 1264 1262
f 1265 1267 1271
f 1265 1271 1269
f 1266 1270 1272
f 1266 1272 1268
f 1269 1271 1272
f 1269 1272 1270
f 1273 1275 1279
f 1273 1279 1277
f 1274 1278 1280
f 1274 1280 1276
f 1277 1279 1280
f 1277 1280 1278
f 1281 1283 1287
f 1281 1287 1285
f 1282 1286 1288
f 1282 1288 1284
f 1285 1287 1288
f 1285 1288 1286
f 1289 1291 1295
f 1289 1295 1293
f 1290 1294 1296
f 1290 1296 1292
f 1293 1295 1296
f 1293 1296 1294
f 1297 1299 1303
f 1297 1303 1301
f 1298 1302 1304
f 1298 1304 1300
f 1301 1303 1304
f 1301 1304 1302
f 1305 1307 1311
f 1305 1311 1309
f 1306 1310 1312
f 1306 1312 1308
f 1309 1311 1312
f 1309 1312 1310
f 1313 1315 1319
f 1313 1319 1317
f 1314 1318 1320
f 1314 1320 1316
f 1317 1319 1320
f 1317 1320 1318
f 1321 1323 1327
f 1321 1327 1325
f 1322 1326 1328
f 1322 1328 1324
f 1325 1327 1328
f 1325 1328 1326
f 1329 1331 1335
f 1329 1335 1333
f 1330 1334 1336
f 1330 1336 1332
f 1333 1335 1336
f 1333 1336 1334
f 1337 1339 1343
f 1337 1343 1341
f 1338 1342 1344
f 1338 1344 1340
f 1341 1343 1344
f 1341 1344 1342
f 1345 1347 1351
f 1345 1351 1349
f 1346 1350 1352
f 1346 1352 1348
f 1349 1351 1352
f 1349 1352 1350
f 1353 1355 1359
f 1353 1359 1357
f 1354 1358 1360
f 1354 1360 1356
f 1357 1359 1360
f 1357 1360 1358
f 1361 1363 1367
f 1361 1367 1365
f 1362 1366 1368
f 1362 1368 1364
f 1365 1367 1368
f 1365 1368 1366
f 1369 1371 1375
f 1369 1375 1373
f 1370 1374 1376
f 1370 1376 1372
f 1373 1375 1376
f 1373 1376 1374
f 1377 1379 1383
f 1377 1383 1381
f 1378 1382 1384
f 1378 1384 1380
f 1381 1383 1384
f 1381 1384 1382
f 1385 1387 1391
f 1385 1391 1389
f 1386 1390 1392
f 1386 1392 1388
f 1389 1391 1392
f 1389 1392 1390
f 1393 1395 1399
f 1393 1399 1397
f 1394 1398 1400
f 1394 1400 1396
f 1397 1399 1400
f 1397 1400 1398
f 1401 1403 1407
f 1401 1407 1405
f 1402 1406 1408
f 1402 1408 1404
f 1405 1407 1408
f 1405 1408 1406
f 1409 1411 1415
f 1409 1415 1413
f 1410 1414 1416
f 1410 1416 1412
f 1413 1415 1416
f 1413 1416 1414
f 1417 1419 1423
f 1417 1423 1421
f 1418 1422 1424
f 1418 1424 1420
f 1421 1423 1424
f 1421 1424 1422
f 1425 1427 1431
f 1425 1431 1429
f 1426 1430 1432
f 1426 1432 1428
f 1429 1431 1432
f 1429 1432 1430
f 1433 1435 1439
f 1433 1439 1437
f 1434 1438 1440
f 1434 1440 1436
f 1437 1439 1440
f 1437 1440 1438
f 1441 1443 1447
f 1441 1447 1445
f 1442 1446 1448
f 1442 1448 1444
f 1445 1447 1448
f 1445 1448 1446
f 1449 1451 1455
f 1449 1455 1453
f 1450 1454 1456
f 1450 1456 1452
f 1453 1455 1456
f 1453 1456 1454
f 1457 1459 1463
f 1457 1463 1461
f 1458 1462 1464
f 1458 1464 1460
f 1461 1463 1464
f 1461 1464 1462
f 1465 1467 1471
f 1465 1471 1469
f 1466 1470 1472
f 1466 1472 1468
f 1469 1471 1472
f 1469 1472 1470
f 1473 1475 1479
f 1473 1479 1477
f 1474 1478 1480
f 1474 1480 1476
f 1477 1479 1480
f 1477 1480 1478
f 1481 1483 1487
f 1481 1487 1485
f 1482 1486 1488
f 1482 1488 1484
f 1485 1487 1488
f 1485 1488 1486
f 1489 1491 1495
f 1489 1495 1493
f 1490 1494 1496
f 1490 1496 1492
f 1493 1495 1496
f 1493 1496 1494
f 1497 1499 1503
f 1497 1503 1501
f 1498 1502 1504
f 1498 1504 1500
f 1501 1503 1504
f 1501 1504 1502
f 1505 1507 1511
f 1505 1511 1509
f 1506 1510 1512
f 1506 1512 1508
f 1509 1511 1512
f 1509 1512 1510
f 1513 1515 1519
f 1513 1519 1517
f 1514 1518 1520
f 1514 1520 1516
f 1517 1519 1520
f 1517 1520 1518
f 1521 1523 1527
f 1521 1527 1525
f 1522 1526 1528
f 1522 1528 1524
f 1525 1527 1528
f 1525 1528 1526
f 1529 1531 1535
f 1529 1535 1533
f 1530 1534 1536
f 1530 1536 1532
f 1533 1535 1536
f 1533 1536 1534
f 1537 1539 1543
f 1537 1543 1541
f 1538 1542 1544
f 1538 1544 1540
f 1541 1543 1544
f 1541 1544 1542
f 1545 1547 1551
f 1545 1551 1549
f 1546 1550 1552
f 1546 1552 1548
f 1549 1551 1552
f 1549 1552 1550
f 1553 1555 1559
f 1553 1559 1557
f 1554 1558 1560
f 1554 1560 1556
f 1557 1559 1560
f 1557 1560 1558
f 1561 1563 1567
f 1561 1567 1565
f 1562 1566 1568
f 1562 1568 1564
f 1565 1567 1568
f 1565 1568 1566
f 1569 1571 1575
f 1569 1575 1573
f 1570 1574 1576
f 1570 1576 1572
f 1573 1575 1576
f 1573 1576 1574
f 1577 1579 1583
f 1577 1583 1581
f 1578 1582 1584
f 1578 1584 1580
f 1581 1583 1584
f 1581 1584 1582
f 1585 1587 1591
f 1585 1591 1589
f 1586 1590 1592
f 1586 1592 1588
f 1589 1591 1592
f 1589 1592 1590
f 1593 1595 1599
f 1593 1599 1597
f 1594 1598 1600
f 1594 1600 1596
f 1597 1599 1600
f 1597 1600 1598
f 1601 1603 1607
f 1601 1607 1605
f 1602 1606 1608
f 1602 1608 1604
f 1605 1607 1608
f 1605 1608 1606
f 1609 1611 1615
f 1609 1615 1613
f 1610 1614 1616
f 1610 1616 1612
f 1613 1615 1616
f 1613 1616 1614
f 1617 1619 1623
f 1617 1623 1621
f 1618 1622 1624
f 1618 1624 1620
f 1621 1623 1624
f 1621 1624 1622
f 1625 1627 1631
f 1625 1631 1629
f 1626 1630 1632
f 1626 1632 1628
f 1629 1631 1632
f 1629 1632 1630
f 1633 1635 1639
f 1633 1639 1637
f 1634 1638 1640
f 1634 1640 1636
f 1637 1639 1640
f 1637 1640 1638
f 1641 1643 1647
f 1641 1647 1645
f 1642 1646 1648
f 1642 1648 1644
f 1645 1647 1648
f 1645 1648 1646
f 1649 1651 1655
f 1649 1655 1653
f 1650 1654 1656
f 1650 1656 1652
f 1653 1655 1656
f 1653 1656 1654
f 1657 1659 1663
f 1657 1663 1661
f 1658 1662 1664
f 1658 1664 1660
f 1661 1663 1664
f 1661 1664 1662
f 1665 1667 1671
f 1665 1671 1669
f 1666 1670 1672
f 1666 1672 1668
f 1669 1671 1672
f 1669 1672 1670
f 1673 1675 1679
f 1673 1679 1677
f 1674 1678 1680
f 1674 1680 1676
f 1677 1679 1680
f 1677 1680 1678
f 1681 1683 1687
f 1681 1687 1685
f 1682 1686 1688
f 1682 1688 1684
f 1685 1687 1688
f 1685 1688 1686
f 1689 1691 1695
f 1689 1695 1693
f 1690 1694 1696
f 1690 1696 1692
f 1693 1695 1696
f 1693 1696 1694
f 1697 1699 1703
f 1697 1703 1701
f 1698 1702 1704
f 1698 1704 1700
f 1701 1703 1704
f 1701 1704 1702
f 1705 1707 1711
f 1705 1711 1709
f 1706 1710 1712
f 1706 1712 1708
f 1709 1711 1712
f 1709 1712 1710
f 1713 1715 1719
f 1713 1719 1717
f 1714 1718 1720
f 1714 1720 1716
f 1717 1719 1720
f 1717 1720 1718
f 1721 1723 1727
f 1721 1727 1725
f 1722 1726 1728
f 1722 1728 1724
f 1725 1727 1728
f 1725 1728 1726
f 1729 1731 1735
f 1729 1735 1733
f 1730 1734 1736
f 1730 1736 1732
f 1733 1735 1736
f 1733 1736 1734
f 1737 1739 1743
f 1737 1743 1741
f 1738 1742 1744
f 1738 1744 1740
f 1741 1743 1744
f 1741 1744 1742
f 1745 1747 1751
f 1745 1751 1749
f 1746 1750 1752
f 1746 1752 1748
f 1749 1751 1752
f 1749 1752 1750
f 1753 1755 1759
f 1753 1759 1757
f 1754 1758 1760
f 1754 1760 1756
f 1757 1759 1760
f 1757 1760 1758
f 1761 1763 1767
f 1761 1767 1765
f 1762 1766 1768
f 1762 1768 1764
f 1765 1767 1768
f 1765 1768 1766
f 1769 1771 1775
f 1769 1775 1773
f 1770 1774 1776
f 1770 1776 1772
f 1773 1775 1776
f 1773 1776 1774
f 1777 1779 1783
f 1777 1783 1781
f 1778 1782 1784
f 1778 1784 1780
f 1781 1783 1784
f 1781 1784 1782
f 1785 1787 1791
f 1785 1791 1789
f 1786 1790 1792
f 1786 1792 1788
f 1789 1791 1792
f 1789 1792 1790
f 1793 1795 1799
f 1793 1799 1797
f 1794 1798 1800
f 1794 1800 1796
f 1797 1799 1800
f 1797 1800 1798
f 1801 1803 1807
f 1801 1807 1805
f 1802 1806 1808
f 1802 1808 1804
f 1805 1807 1808
f 1805 1808 1806
f 1809 1811 1815
f 1809 1815 1813
f 1810 1814 1816
f 1810 1816 1812
f 1813 1815 1816
f 1813 1816 1814
f 1817 1819 1823
f 1817 1823 1821
f 1818 1822 1824
f 1818 1824 1820
f 1821 1823 1824
f 1821 1824 1822
f 1825 1827 1831
f 1825 1831 1829
f 1826 1830 1832
f 1826 1832 1828
f 1829 1831 1832
f 1829 1832 1830
f 1833 1835 1839
f 1833 1839 1837
f 1834 1838 1840
f 1834 1840 1836
f 1837 1839 1840
f 1837 1840 1838
f 1841 1843 1847
f 1841 1847 1845
f 1842 1846 1848
f 1842 1848 1844
f 1845 1847 1848
f 1845 1848 1846
f 1849 1851 1855
f 1849 1855 1853
f 1850 1854 1856
f 1850 1856 1852
f 1853 1855 1856
f 1853 1856 1854
f 1857 1859 1863
f 1857 1863 1861
f 1858 1862 1864
f 1858 1864 1860
f 1861 1863 1864
f 1861 1864 1862
f 1865 1867 1871
f 1865 1871 1869
f 1866 1870 1872
f 1866 1872 1868
f 1869 1871 1872
f 1869 1872 1870
f 1873 1875 1879
f 1873 1879 1877
f 1874 1878 1880
f 1874 1880 1876
f 1877 1879 1880
f 1877 1880 1878
f 1881 1883 1887
f 1881 1887 1885
f 1882 1886 1888
f 1882 1888 1884
f 1885 1887 1888
f 1885 1888 1886
f 1889 1891 1895
f 1889 1895 1893
f 1890 1894 1896
f 1890 1896 1892
f 1893 1895 1896
f 1893 1896 1894
f 1897 1899 1903
f 1897 1903 1901
f 1898 1902 1904
f 1898 1904 1900
f 1901 1903 1904
f 1901 1904 1902
f 1905 1907 1911
f 1905 1911 1909
f 1906 1910 1912
f 1906 1912 1908
f 1909 1911 1912
f 1909 1912 1910
f 1913 1915 1919
f 1913 1919 1917
f 1914 1918 1920
f 1914 1920 1916
f 1917 1919 1920
f 1917 1920 1918
f 1921 1923 1927
f 1921 1927 1925
f 1922 1926 1928
f 1922 1928 1924
f 1925 1927 1928
f 1925 1928 1926
f 1929 1931 1935
f 1929 1935 1933
f 1930 1934 1936
f 1930 1936 1932
f 1933 1935 1936
f 1933 1936 1934
f 1937 1939 1943
f 1937 1943 1941
f 1938 1942 1944
f 1938 1944 1940
f 1941 1943 1944
f 1941 1944 1942
f 1945 1947 1951
f 1945 1951 1949
f 1946 1950 1952
f 1946 1952 1948
f 1949 1951 1952
f 1949 1952 1950
f 1953 1955 1959
f 1953 1959 1957
f 1954 1958 1960
f 1954 1960 1956
f 1957 1959 1960
f 1957 1960 1958
f 1961 1963 1967
f 1961 1967 1965
f 1962 1966 1968
f 1962 1968 1964
f 1965 1967 1968
f 1965 1968 1966
f 1969 1971 1975
f 1969 1975 1973
f 1970 1974 1976
f 1970 1976 1972
f 1973 1975 1976
f 1973 1976 1974
f 1977 1979 1983
f 1977 1983 1981
f 1978 1982 1984
f 1978 1984 1980
f 1981 1983 1984
f 1981 1984 1982
f 1985 1987 1991
f 1985 1991 1989
f 1986 1990 1992
f 1986 1992 1988
f 1989 1991 1992
f 1989 1992 1990
f 1993 1995 1999
f 1993 1999 1997
f 1994 1998 2000
f 1994 2000 1996
f 1997 1999 2000
f 1997 2000 1998
f 2001 2003 2007
f 2001 2007 2005
f 2002 2006 2008
f 2002 2008 2004
f 2005 2007 2008
f 2005 2008 2006
f 2009 2011 2015
f 2009 2015 2013
f 2010 2014 2016
f 2010 2016 2012
f 2013 2015 2016
f 2013 2016 2014
f 2017 2019 2023
f 2017 2023 2021
f 2018 2022 2024
f 2018 2024 2020
f 2021 2023 2024
f 2021 2024 2022
f 2025 2027 2031
f 2025 2031 2029
f 2026 2030 2032
f 2026 2032 2028
f 2029 2031 2032
f 2029 2032 2030
f 2033 2035 2039
f 2033 2039 2037
f 2034 2038 2040
f 2034 2040 2036
f 2037 2039 2040
f 2037 2040 2038
f 2041 2043 2047
f 2041 2047 2045
f 2042 2046 2048
f 2042 2048 2044
f 2045 2047 2048
f 2045 2048 2046
f 2049 2051 2055
f 2049 2055 2053
f 2050 2054 2056
f 2050 2056 2052
f 2053 2055 2056
f 2053 2056 2054
f 2057 2059 2063
f 2057 2063 2061
f 2058 2062 2064
f 2058 2064 2060
f 2061 2063 2064
f 2061 2064 2062
f 2065 2067 2071
f 2065 2071 2069
f 2066 2070 2072
f 2066 2072 2068
f 2069 2071 2072
f 2069 2072 2070
f 2073 2075 2079
f 2073 2079 2077
f 2074 2078 2080
f 2074 2080 2076
f 2077 2079 2080
f 2077 2080 2078
f 2081 2083 2087
f 2081 2087 2085
f 2082 2086 2088
f 2082 2088 2084
f 2085 2087 2088
f 2085 2088 2086
f 2089 2091 2095
f 2089 2095 2093
f 2090 2094 2096
f 2090 2096 2092
f 2093 2095 2096
f 2093 2096 2094
f 2097 2099 2103
f 2097 2103 2101
f 2098 2102 2104
f 2098 2104 2100
f 2101 2103 2104
f 2101 2104 2102
f 2105 2107 2111
f 2105 2111 2109
f 2106 2110 2112
f 2106 2112 2108
f 2109 2111 2112
f 2109 2112 2110
f 2113 2115 2119
f 2113 2119 2117
f 2114 2118 2120
f 2114 2120 2116
f 2117 2119 2120
f 2117 2120 2118
f 2121 2123 2127
f 2121 2127 2125
f 2122 2126 2128
f 2122 2128 2124
f 2125 2127 2128
f 2125 2128 2126
f 2129 2131 2135
f 2129 2135 2133
f 2130 2134 2136
f 2130 2136 2132
f 2133 2135 2136
f 2133 2136 2134
f 2137 2139 2143
f 2137 2143 2141
f 2138 2142 2144
f 2138 2144 2140
f 2141 2143 2144
f 2141 2144 2142
f 2145 2147 2151
f 2145 2151 2149
f 2146 2150 2152
f 2146 2152 2148
f 2149 2151 2152
f 2149 2152 2150
f 2153 2155 2159
f 2153 2159 2157
f 2154 2158 2160
f 2154 2160 2156
f 2157 2159 2160
f 2157 2160 2158
f 2161 2163 2167
f 2161 2167 2165
f 2162 2166 2168
f 2162 2168 2164
f 2165 2167 2168
f 2165 2168 2166
f 2169 2171 2175
f 2169 2175 2173
f 2170 2174 2176
f 2170 2176 2172
f 2173 2175 2176
f 2173 2176 2174
f 2177 2179 2183
f 2177 2183 2181
f 2178 2182 2184
f 2178 2184 2180
f 2181 2183 2184
f 2181 2184 2182
f 2185 2187 2191
f 2185 2191 2189
f 2186 2190 2192
f 2186 2192 2188
f 2189 2191 2192
f 2189 2192 2190
f 2193 2195 2199
f 2193 2199 2197
f 2194 2198 2200
f 2194 2200 2196
f 2197 2199 2200
f 2197 2200 2198
f 2201 2203 2207
f 2201 2207 2205
f 2202 2206 2208
f 2202 2208 2204
f 2205 2207 2208
f 2205 2208 2206
f 2209 2211 2215
f 2209 2215 2213
f 2210 2214 2216
f 2210 2216 2212
f 2213 2215 2216
f 2213 2216 2214
f 2217 2219 2223
f 2217 2223 2221
f 2218 2222 2224
f 2218 2224 2220
f 2221 2223 2224
f 2221 2224 2222
f 2225 2227 2231
f 2225 2231 2229
f 2226 2230 2232
f 2226 2232 2228
f 2229 2231 2232
f 2229 2232 2230
f 2233 2235 2239
f 2233 2239 2237
f 2234 2238 2240
f 2234 2240 2236
f 2237 2239 2240
f 2237 2240 2238
f 2241 2243 2247
f 2241 2247 2245
f 2242 2246 2248
f 2242 2248 2244
f 2245 2247 2248
f 2245 2248 2246
f 2249 2251 2255
f 2249 2255 2253
f 2250 2254 2256
f 2250 2256 2252
f 2253 2255 2256
f 2253 2256 2254
f 2257 2259 2263
f 2257 2263 2261
f 2258 2262 2264
f 2258 2264 2260
f 2261 2263 2264
f 2261 2264 2262
f 2265 2267 2271
f 2265 2271 2269
f 2266 2270 2272
f 2266 2272 2268
f 2269 2271 2272
f 2269 2272 2270
f 2273 2275 2279
f 2273 2279 2277
f 2274 2278 2280
f 2274 2280 2276
f 2277 2279 2280
f 2277 2280 2278
f 2281 2283 2287
f 2281 2287 2285
f 2282 2286 2288
f 2282 2288 2284
f 2285 2287 2288
f 2285 2288 2286
f 2289 2291 2295
f 2289 2295 2293
f 2290 2294 2296
f 2290 2296 2292
f 2293 2295 2296
f 2293 2296 2294
f 2297 2299 2303
f 2297 2303 2301
f 2298 2302 2304
f 2298 2304 2300
f 2301 2303 2304
f 2301 2304 2302
f 2305 2307 2311
f 2305 2311 2309
f 2306 2310 2312
f 2306 2312 2308
f 2309 2311 2312
f 2309 2312 2310
f 2313 2315 2319
f 2313 2319 2317
f 2314 2318 2320
f 2314 2320 2316
f 2317 2319 2320
f 2317 2320 2318
f 2321 2323 2327
f 2321 2327 2325
f 2322 2326 2328
f 2322 2328 2324
f 2325 2327 2328
f 2325 2328 2326
f 2329 2331 2335
f 2329 2335 2333
f 2330 2334 2336
f 2330 2336 2332
f 2333 2335 2336
f 2333 2336 2334
f 2337 2339 2343
f 2337 2343 2341
f 2338 2342 2344
f 2338 2344 2340
f 2341 2343 2344
f 2341 2344 2342
f 2345 2347 2351
f 2345 2351 2349
f 2346 2350 2352
f 2346 2352 2348
f 2349 2351 2352
f 2349 2352 2350
f 2353 2355 2359
f 2353 2359 2357
f 2354 2358 2360
f 2354 2360 2356
f 2357 2359 2360
f 2357 2360 2358
f 2361 2363 2367
f 2361 2367 2365
f 2362 2366 2368
f 2362 2368 2364
f 2365 2367 2368
f 2365 2368 2366
f 2369 2371 2375
f 2369 2375 2373
f 2370 2374 2376
f 2370 2376 2372
f 2373 2375 2376
f 2373 2376 2374
f 2377 2379 2383
f 2377 2383 2381
f 2378 2382 2384
f 2378 2384 2380
f 2381 2383 2384
f 2381 2384 2382
f 2385 2387 2391
f 2385 2391 2389
f 2386 2390 2392
f 2386 2392 2388
f 2389 2391 2392
f 2389 2392 2390
f 2393 2395 2399
f 2393 2399 2397
f 2394 2398 2400
f 2394 2400 2396
f 2397 2399 2400
f 2397 2400 2398
f 2401 2403 2407
f 2401 2407 2405
f 2402 2406 2408
f 2402 2408 2404
f 2405 2407 2408
f 2405 2408 2406
f 2409 2411 2415
f 2409 2415 2413
f 2410 2414 2416
f 2410 2416 2412
f 2413 2415 2416
f 2413 2416 2414
f 2417 2419 2423
f 2417 2423 2421
f 2418 2422 2424
f 2418 2424 2420
f 2421 2423 2424
f 2421 2424 2422
f 2425 2427 2431
f 2425 2431 2429
f 2426 2430 2432
f 2426 2432 2428
f 2429 2431 2432
f 2429 2432 2430
f 2433 2435 2439
f 2433 2439 2437
f 2434 2438 2440
f 2434 2440 2436
f 2437 2439 2440
f 2437 2440 2438
f 2441 2443 2447
f 2441 2447 2445
f 2442 2446 2448
f 2442 2448 2444
f 2445 2447 2448
f 2445 2448 2446
f 2449 2451 2455
f 2449 2455 2453
f 2450 2454 2456
f 2450 2456 2452
f 2453 2455 2456
f 2453 2456 2454
f 2457 2459 2463
f 2457 2463 2461
f 2458 2462 2464
f 2458 2464 2460
f 2461 2463 2464
f 2461 2464 2462
f 2465 2467 2471
f 2465 2471 2469
f 2466 2470 2472
f 2466 2472 2468
f 2469 2471 2472
f 2469 2472 2470
f 2473 2475 2479
f 2473 2479 2477
f 2474 2478 2480
f 2474 2480 2476
f 2477 2479 2480
f 2477 2480 2478
f 2481 2483 2487
f 2481 2487 2485
f 2482 2486 2488
f 2482 2488 2484
f 2485 2487 2488
f 2485 2488 2486
f 2489 2491 2495
f 2489 2495 2493
f 2490 2494 2496
f 2490 2496 2492
f 2493 2495 2496
f 2493 2496 2494
f 2497 2499 2503
f 2497 2503 2501
f 2498 2502 2504
f 2498 2504 2500
f 2501 2503 2504
f 2501 2504 2502
f 2505 2507 2511
f 2505 2511 2509
f 2506 2510 2512
f 2506 2512 2508
f 2509 2511 2512
f 2509 2512 2510
f 2513 2515 2519
f 2513 2519 2517
f 2514 2518 2520
f 2514 2520 2516
f 2517 2519 2520
f 2517 2520 2518
f 2521 2523 2527
f 2521 2527 2525
f 2522 2526 2528
f 2522 2528 2524
f 2525 2527 2528
f 2525 2528 2526
f 2529 2531 2535
f 2529 2535 2533
f 2530 2534 2536
f 2530 2536 2532
f 2533 2535 2536
f 2533 2536 2534
f 2537 2539 2543
f 2537 2543 2541
f 2538 2542 2544
f 2538 2544 2540
f 2541 2543 2544
f 2541 2544 2542
f 2545 2547 2551
f 2545 2551 2549
f 2546 2550 2552
f 2546 2552 2548
f 2549 2551 2552
f 2549 2552 2550
f 2553 2555 2559
f 2553 2559 2557
f 2554 2558 2560
f 2554 2560 2556
f 2557 2559 2560
f 2557 2560 2558
f 2561 2563 2567
f 2561 2567 2565
f 2562 2566 2568
f 2562 2568 2564
f 2565 2567 2568
f 2565 2568 2566
f 2569 2571 2575
f 2569 2575 2573
f 2570 2574 2576
f 2570 2576 2572
f 2573 2575 2576
f 2573 2576 2574
f 2577 2579 2583
f 2577 2583 2581
f 2578 2582 2584
f 2578 2584 2580
f 2581 2583 2584
f 2581 2584 2582
f 2585 2587 2591
f 2585 2591 2589
f 2586 2590 2592
f 2586 2592 2588
f 2589 2591 2592
f 2589 2592 2590
f 2593 2595 2599
f 2593 2599 2597
f 2594 2598 2600
f 2594 2600 2596
f 2597 2599 2600
f 2597 2600 2598
f 2601 2603 2607
f 2601 2607 2605
f 2602 2606 2608
f 2602 2608 2604
f 2605 2607 2608
f 2605 2608 2606
f 2609 2611 2615
f 2609 2615 2613
f 2610 2614 2616
f 2610 2616 2612
f 2613 2615 2616
f 2613 2616 2614
f 2617 2619 2623
f 2617 2623 2621
f 2618 2622 2624
f 2618 2624 2620
f 2621 2623 2624
f 2621 2624 2622
f 2625 2627 2631
f 2625 2631 2629
f 2626 2630 2632
f 2626 2632 2628
f 2629 2631 2632
f 2629 2632 2630
f 2633 2635 2639
f 2633 2639 2637
f 2634 2638 2640
f 2634 2640 2636
f 2637 2639 2640
f 2637 2640 2638
f 2641 2643 2647
f 2641 2647 2645
f 2642 2646 2648
f 2642 2648 2644
f 2645 2647 2648
f 2645 2648 2646
f 2649 2651 2655
f 2649 2655 2653
f 2650 2654 2656
f 2650 2656 2652
f 2653 2655 2656
f 2653 2656 2654
f 2657 2659 2663
f 2657 2663 2661
f 2658 2662 2664
f 2658 2664 2660
f 2661 2663 2664
f 2661 2664 2662
f 2665 2667 2671
f 2665 2671 2669
f 2666 2670 2672
f 2666 2672 2668
f 2669 2671 2672
f 2669 2672 2670
f 2673 2675 2679
f 2673 2679 2677
f 2674 2678 2680
f 2674 2680 2676
f 2677 2679 2680
f 2677 2680 2678
f 2681 2683 2687
f 2681 2687 2685
f 2682 2686 2688
f 2682 2688 2684
f 2685 2687 2688
f 2685 2688 2686
f 2689 2691 2695
f 2689 2695 2693
f 2690 2694 2696
f 2690 2696 2692
f 2693 2695 2696
f 2693 2696 2694
f 2697 2699 2703
f 2697 2703 2701
f 2698 2702 2704
f 2698 2704 2700
f 2701 2703 2704
f 2701 2704 2702
f 2705 2707 2711
f 2705 2711 2709
f 2706 2710 2712
f 2706 2712 2708
f 2709 2711 2712
f 2709 2712 2710
f 2713 2715 2719
f 2713 2719 2717
f 2714 2718 2720
f 2714 2720 2716
f 2717 2719 2720
f 2717 2720 2718
f 2721 2723 2727
f 2721 2727 2725
f 2722 2726 2728
f 2722 2728 2724
f 2725 2727 2728
f 2725 2728 2726
f 2729 2731 2735
f 2729 2735 2733
f 2730 2734 2736
f 2730 2736 2732
f 2733 2735 2736
f 2733 2736 2734
f 2737 2739 2743
f 2737 2743 2741
f 2738 2742 2744
f 2738 2744 2740
f 2741 2743 2744
f 2741 2744 2742
f 2745 2747 2751
f 2745 2751 2749
f 2746 2750 2752
f 2746 2752 2748
f 2749 2751 2752
f 2749 2752 2750
f 2753 2755 2759
f 2753 2759 2757
f 2754 2758 2760
f 2754 2760 2756
f 2757 2759 2760
f 2757 2760 2758
f 2761 2763 2767
f 2761 2767 2765
f 2762 2766 2768
f 2762 2768 2764
f 2765 2767 2768
f 2765 2768 2766
f 2769 2771 2775
f 2769 2775 2773
f 2770 2774 2776
f 2770 2776 2772
f 2773 2775 2776
f 2773 2776 2774
f 2777 2779 2783
f 2777 2783 2781
f 2778 2782 2784
f 2778 2784 2780
f 2781 2783 2784
f 2781 2784 2782
f 2785 2787 2791
f 2785 2791 2789
f 2786 2790 2792
f 2786 2792 2788
f 2789 2791 2792
f 2789 2792 2790
f 2793 2795 2799
f 2793 2799 2797
f 2794 2798 2800
f 2794 2800 2796
f 2797 2799 2800
f 2797 2800 2798
f 2801 2803 2807
f 2801 2807 2805
f 2802 2806 2808
f 2802 2808 2804
f 2805 2807 2808
f 2805 2808 2806
f 2809 2811 2815
f 2809 2815 2813
f 2810 2814 2816
f 2810 2816 2812
f 2813 2815 2816
f 2813 2816 2814
f 2817 2819 2823
f 2817 2823 2821
f 2818 2822 2824
f 2818 2824 2820
f 2821 2823 2824
f 2821 2824 2822
f 2825 2827 2831
f 2825 2831 2829
f 2826 2830 2832
f 2826 2832 2828
f 2829 2831 2832
f 2829 2832 2830
f 2833 2835 2839
f 2833 2839 2837
f 2834 2838 2840
f 2834 2840 2836
f 2837 2839 2840
f 2837 2840 2838
f 2841 2843 2847
f 2841 2847 2845
f 2842 2846 2848
f 2842 2848 2844
f 2845 2847 2848
f 2845 2848 2846
f 2849 2851 2855
f 2849 2855 2853
f 2850 2854 2856
f 2850 2856 2852
f 2853 2855 2856
f 2853 2856 2854
f 2857 2859 2863
f 2857 2863 2861
f 2858 2862 2864
f 2858 2864 2860
f 2861 2863 2864
f 2861 2864 2862
f 2865 2867 2871
f 2865 2871 2869
f 2866 2870 2872
f 2866 2872 2868
f 2869 2871 2872
f 2869 2872 2870
f 2873 2875 2879
f 2873 2879 2877
f 2874 2878 2880
f 2874 2880 2876
f 2877 2879 2880
f 2877 2880 2878
f 2881 2883 2887
f 2881 2887 2885
f 2882 2886 2888
f 2882 2888 2884
f 2885 2887 2888
f 2885 2888 2886
f 2889 2891 2895
f 2889 2895 2893
f 2890 2894 2896
f 2890 2896 2892
f 2893 2895 2896
f 2893 2896 2894
f 2897 2899 2903
f 2897 2903 2901
f 2898 2902 2904
f 2898 2904 2900
f 2901 2903 2904
f 2901 2904 2902
f 2905 2907 2911
f 2905 2911 2909
f 2906 2910 2912
f 2906 2912 2908
f 2909 2911 2912
f 2909 2912 2910
f 2913 2915 2919
f 2913 2919 2917
f 2914 2918 2920
f 2914 2920 2916
f 2917 2919 2920
f 2917 2920 2918
f 2921 2923 2927
f 2921 2927 2925
f 2922 2926 2928
f 2922 2928 2924
f 2925 2927 2928
f 2925 2928 2926
f 2929 2931 2935
f 2929 2935 2933
f 2930 2934 2936
f 2930 2936 2932
f 2933 2935 2936
f 2933 2936 2934
f 2937 2939 2943
f 2937 2943 2941
f 2938 2942 2944
f 2938 2944 2940
f 2941 2943 2944
f 2941 2944 2942
f 2945 2947 2951
f 2945 2951 2949
f 2946 2950 2952
f 2946 2952 2948
f 2949 2951 2952
f 2949 2952 2950
f 2953 2955 2959
f 2953 2959 2957
f 2954 2958 2960
f 2954 2960 2956
f 2957 2959 2960
f 2957 2960 2958
f 2961 2963 2967
f 2961 2967 2965
f 2962 2966 2968
f 2962 2968 2964
f 2965 2967 2968
f 2965 2968 2966
f 2969 2971 2975
f 2969 2975 2973
f 2970 2974 2976
f 2970 2976 2972
f 2973 2975 2976
f 2973 2976 2974
f 2977 2979 2983
f 2977 2983 2981
f 2978 2982 2984
f 2978 2984 2980
f 2981 2983 2984
f 2981 2984 2982
f 2985 2987 2991
f 2985 2991 2989
f 2986 2990 2992
f 2986 2992 2988
f 2989 2991 2992
f 2989 2992 2990
f 2993 2995 2999
f 2993 2999 2997
f 2994 2998 3000
f 2994 3000 2996
f 2997 2999 3000
f 2997 3000 2998
f 3001 3003 3007
f 3001 3007 3005
f 3002 3006 3008
f 3002 3008 3004
f 3005 3007 3008
f 3005 3008 3006
f 3009 3011 3015
f 3009 3015 3013
f 3010 3014 3016
f 3010 3016 3012
f 3013 3015 3016
f 3013 3016 3014
f 3017 3019 3023
f 3017 3023 3021
f 3018 3022 3024
f 3018 3024 3020
f 3021 3023 3024
f 3021 3024 3022
f 3025 3027 3031
f 3025 3031 3029
f 3026 3030 3032
f 3026 3032 3028
f 3029 3031 3032
f 3029 3032 3030
f 3033 3035 3039
f 3033 3039 3037
f 3034 3038 3040
f 3034 3040 3036
f 3037 3039 3040
f 3037 3040 3038
f 3041 3043 3047
f 3041 3047 3045
f 3042 3046 3048
f 3042 3048 3044
f 3045 3047 3048
f 3045 3048 3046
f 3049 3051 3055
f 3049 3055 3053
f 3050 3054 3056
f 3050 3056 3052
f 3053 3055 3056
f 3053 3056 3054
f 3057 3059 3063
f 3057 3063 3061
f 3058 3062 3064
f 3058 3064 3060
f 3061 3063 3064
f 3061 3064 3062
f 3065 3067 3071
f 3065 3071 3069
f 3066 3070 3072
f 3066 3072 3068
f 3069 3071 3072
f 3069 3072 3070
f 3073 3075 3079
f 3073 3079 3077
f 3074 3078 3080
f 3074 3080 3076
f 3077 3079 3080
f 3077 3080 3078
f 3081 3083 3087
f 3081 3087 3085
f 3082 3086 3088
f 3082 3088 3084
f 3085 3087 3088
f 3085 3088 3086
f 3089 3091 3095
f 3089 3095 3093
f 3090 3094 3096
f 3090 3096 3092
f 3093 3095 3096
f 3093 3096 3094
f 3097 3099 3103
f 3097 3103 3101
f 3098 3102 3104
f 3098 3104 3100
f 3101 3103 3104
f 3101 3104 3102
f 3105 3107 3111
f 3105 3111 3109
f 3106 3110 3112
f 3106 3112 3108
f 3109 3111 3112
f 3109 3112 3110
f 3113 3115 3119
f 3113 3119 3117
f 3114 3118 3120
f 3114 3120 3116
f 3117 3119 3120
f 3117 3120 3118
f 3121 3123 3127
f 3121 3127 3125
f 3122 3126 3128
f 3122 3128 3124
f 3125 3127 3128
f 3125 3128 3126
f 3129 3131 3135
f 3129 3135 3133
f 3130 3134 3136
f 3130 3136 3132
f 3133 3135 3136
f 3133 3136 3134
f 3137 3139 3143
f 3137 3143 3141
f 3138 3142 3144
f 3138 3144 3140
f 3141 3143 3144
f 3141 3144 3142
f 3145 3147 3151
f 3145 3151 3149
f 3146 3150 3152
f 3146 3152 3148
f 3149 3151 3152
f 3149 3152 3150
f 3153 3155 3159
f 3153 3159 3157
f 3154 3158 3160
f 3154 3160 3156
f 3157 3159 3160
f 3157 3160 3158
f 3161 3163 3167
f 3161 3167 3165
f 3162 3166 3168
f 3162 3168 3164
f 3165 3167 3168
f 3165 3168 3166
f 3169 3171 3175
f 3169 3175 3173
f 3170 3174 3176
f 3170 3176 3172
f 3173 3175 3176
f 3173 3176 3174
f 3177 3179 3183
f 3177 3183 3181
f 3178 3182 3184
f 3178 3184 3180
f 3181 3183 3184
f 3181 3184 3182
f 3185 3187 3191
f 3185 3191 3189
f 3186 3190 3192
f 3186 3192 3188
f 3189 3191 3192
f 3189 3192 3190
f 3193 3195 3199
f 3193 3199 3197
f 3194 3198 3200
f 3194 3200 3196
f 3197 3199 3200
f 3197 3200 3198
f 3201 3203 3207
f 3201 3207 3205
f 3202 3206 3208
f 3202 3208 3204
f 3205 3207 3208
f 3205 3208 3206
f 3209 3211 3215
f 3209 3215 3213
f 3210 3214 3216
f 3210 3216 3212
f 3213 3215 3216
f 3213 3216 3214
f 3217 3219 3223
f 3217 3223 3221
f 3218 3222 3224
f 3218 3224 3220
f 3221 3223 3224
f 3221 3224 3222
f 3225 3227 3231
f 3225 3231 3229
f 3226 3230 3232
f 3226 3232 3228
f 3229 3231 3232
f 3229 3232 3230
f 3233 3235 3239
f 3233 3239 3237
f 3234 3238 3240
f 3234 3240 3236
f 3237 3239 3240
f 3237 3240 3238
f 3241 3243 3247
f 3241 3247 3245
f 3242 3246 3248
f 3242 3248 3244
f 3245 3247 3248
f 3245 3248 3246
f 3249 3251 3255
f 3249 3255 3253
f 3250 3254 3256
f 3250 3256 3252
f 3253 3255 3256
f 3253 3256 3254
f 3257 3259 3263
f 3257 3263 3261
f 3258 3262 3264
f 3258 3264 3260
f 3261 3263 3264
f 3261 3264 3262
f 3265 3267 3271
f 3265 3271 3269
f 3266 3270 3272
f 3266 3272 3268
f 3269 3271 3272
f 3269 3272 3270
f 3273 3275 3279
f 3273 3279 3277
f 3274 3278 3280
f 3274 3280 3276
f 3277 3279 3280
f 3277 3280 3278
f 3281 3283 3287
f 3281 3287 3285
f 3282 3286 3288
f 3282 3288 3284
f 3285 3287 3288
f 3285 3288 3286
f 3289 3291 3295
f 3289 3295 3293
f 3290 3294 3296
f 3290 3296 3292
f 3293 3295 3296
f 3293 3296 3294
f 3297 3299 3303
f 3297 3303 3301
f 3298 3302 3304
f 3298 3304 3300
f 3301 3303 3304
f 3301 3304 3302
f 3305 3307 3311
f 3305 3311 3309
f 3306 3310 3312
f 3306 3312 3308
f 3309 3311 3312
f 3309 3312 3310
f 3313 3315 3319
f 3313 3319 3317
f 3314 3318 3320
f 3314 3320 3316
f 3317 3319 3320
f 3317 3320 3318
f 3321 3323 3327
f 3321 3327 3325
f 3322 3326 3328
f 3322 3328 3324
f 3325 3327 3328
f 3325 3328 3326
f 3329 3331 3335
f 3329 3335 3333
f 3330 3334 3336
f 3330 3336 3332
f 3333 3335 3336
f 3333 3336 3334
f 3337 3339 3343
f 3337 3343 3341
f 3338 3342 3344
f 3338 3344 3340
f 3341 3343 3344
f 3341 3344 3342
f 3345 3347 3351
f 3345 3351 3349
f 3346 3350 3352
f 3346 3352 3348
f 3349 3351 3352
f 3349 3352 3350
f 3353 3355 3359
f 3353 3359 3357
f 3354 3358 3360
f 3354 3360 3356
f 3357 3359 3360
f 3357 3360 3358
f 3361 3363 3367
f 3361 3367 3365
f 3362 3366 3368
f 3362 3368 3364
f 3365 3367 3368
f 3365 3368 3366
f 3369 3371 3375
f 3369 3375 3373
f 3370 3374 3376
f 3370 3376 3372
f 3373 3375 3376
f 3373 3376 3374
f 3377 3379 3383
f 3377 3383 3381
f 3378 3382 3384
f 3378 3384 3380
f 3381 3383 3384
f 3381 3384 3382
f 3385 3387 3391
f 3385 3391 3389
f 3386 3390 3392
f 3386 3392 3388
f 3389 3391 3392
f 3389 3392 3390
f 3393 3395 3399
f 3393 3399 3397
f 3394 3398 3400
f 3394 3400 3396
f 3397 3399 3400
f 3397 3400 3398
f 3401 3403 3407
f 3401 3407 3405
f 3402 3406 3408
f 3402 3408 3404
f 3405 3407 3408
f 3405 3408 3406
f 3409 3411 3415
f 3409 3415 3413
f 3410 3414 3416
f 3410 3416 3412
f 3413 3415 3416
f 3413 3416 3414
f 3417 3419 3423
f 3417 3423 3421
f 3418 3422 3424
f 3418 3424 3420
f 3421 3423 3424
f 3421 3424 3422
f 3425 3427 3431
f 3425 3431 3429
f 3426 3430 3432
f 3426 3432 3428
f 3429 3431 3432
f 3429 3432 3430
f 3433 3435 3439
f 3433 3439 3437
f 3434 3438 3440
f 3434 3440 3436
f 3437 3439 3440
f 3437 3440 3438
f 3441 3443 3447
f 3441 3447 3445
f 3442 3446 3448
f 3442 3448 3444
f 3445 3447 3448
f 3445 3448 3446
f 3449 3451 3455
f 3449 3455 3453
f 3450 3454 3456
f 3450 3456 3452
f 3453 3455 3456
f 3453 3456 3454
f 3457 3459 3463
f 3457 3463 3461
f 3458 3462 3464
f 3458 3464 3460
f 3461 3463 3464
f 3461 3464 3462
f 3465 3467 3471
f 3465 3471 3469
f 3466 3470 3472
f 3466 3472 3468
f 3469 3471 3472
f 3469 3472 3470
f 3473 3475 3479
f 3473 3479 3477
f 3474 3478 3480
f 3474 3480 3476
f 3477 3479 3480
f 3477 3480 3478
f 3481 3483 3487
f 3481 3487 3485
f 3482 3486 3488
f 3482 3488 3484
f 3485 3487 3488
f 3485 3488 3486
f 3489 3491 3495
f 3489 3495 3493
f 3490 3494 3496
f 3490 3496 3492
f 3493 3495 3496
f 3493 3496 3494
f 3497 3499 3503
f 3497 3503 3501
f 3498 3502 3504
f 3498 3504 3500
f 3501 3503 3504
f 3501 3504 3502
f 3505 3507 3511
f 3505 3511 3509
f 3506 3510 3512
f 3506 3512 3508
f 3509 3511 3512
f 3509 3512 3510
f 3513 3515 3519
f 3513 3519 3517
f 3514 3518 3520
f 3514 3520 3516
f 3517 3519 3520
f 3517 3520 3518
f 3521 3523 3527
f 3521 3527 3525
f 3522 3526 3528
f 3522 3528 3524
f 3525 3527 3528
f 3525 3528 3526
f 3529 3531 3535
f 3529 3535 3533
f 3530 3534 3536
f 3530 3536 3532
f 3533 3535 3536
f 3533 3536 3534
f 3537 3539 3543
f 3537 3543 3541
f 3538 3542 3544
f 3538 3544 3540
f 3541 3543 3544
f 3541 3544 3542
f 3545 3547 3551
f 3545 3551 3549
f 3546 3550 3552
f 3546 3552 3548
f 3549 3551 3552
f 3549 3552 3550
f 3553 3555 3559
f 3553 3559 3557
f 3554 3558 3560
f 3554 3560 3556
f 3557 3559 3560
f 3557 3560 3558
f 3561 3563 3567
f 3561 3567 3565
f 3562 3566 3568
f 3562 3568 3564
f 3565 3567 3568
f 3565 3568 3566
f 3569 3571 3575
f 3569 3575 3573
f 3570 3574 3576
f 3570 3576 3572
f 3573 3575 3576
f 3573 3576 3574
f 3577 3579 3583
f 3577 3583 3581
f 3578 3582 3584
f 3578 3584 3580
f 3581 3583 3584
f 3581 3584 3582
f 3585 3587 3591
f 3585 3591 3589
f 3586 3590 3592
f 3586 3592 3588
f 3589 3591 3592
f 3589 3592 3590
f 3593 3595 3599
f 3593 3599 3597
f 3594 3598 3600
f 3594 3600 3596
f 3597 3599 3600
f 3597 3600 3598
f 3601 3603 3607
f 3601 3607 3605
f 3602 3606 3608
f 3602 3608 3604
f 3605 3607 3608
f 3605 3608 3606
f 3609 3611 3615
f 3609 3615 3613
f 3610 3614 3616
f 3610 3616 3612
f 3613 3615 3616
f 3613 3616 3614
f 3617 3619 3623
f 3617 3623 3621
f 3618 3622 3624
f 3618 3624 3620
f 3621 3623 3624
f 3621 3624 3622
f 3625 3627 3631
f 3625 3631 3629
f 3626 3630 3632
f 3626 3632 3628
f 3629 3631 3632
f 3629 3632 3630
f 3633 3635 3639
f 3633 3639 3637
f 3634 3638 3640
f 3634 3640 3636
f 3637 3639 3640
f 3637 3640 3638
f 3641 3643 3647
f 3641 3647 3645
f 3642 3646 3648
f 3642 3648 3644
f 3645 3647 3648
f 3645 3648 3646
f 3649 3651 3655
f 3649 3655 3653
f 3650 3654 3656
f 3650 3656 3652
f 3653 3655 3656
f 3653 3656 3654
f 3657 3659 3663
f 3657 3663 3661
f 3658 3662 3664
f 3658 3664 3660
f 3661 3663 3664
f 3661 3664 3662
f 3665 3667 3671
f 3665 3671 3669
f 3666 3670 3672
f 3666 3672 3668
f 3669 3671 3672
f 3669 3672 3670
f 3673 3675 3679
f 3673 3679 3677
f 3674 3678 3680
f 3674 3680 3676
f 3677 3679 3680
f 3677 3680 3678
f 3681 3683 3687
f 3681 3687 3685
f 3682 3686 3688
f 3682 3688 3684
f 3685 3687 3688
f 3685 3688 3686
f 3689 3691 3695
f 3689 3695 3693
f 3690 3694 3696
f 3690 3696 3692
f 3693 3695 3696
f 3693 3696 3694
f 3697 3699 3703
f 3697 3703 3701
f 3698 3702 3704
f 3698 3704 3700
f 3701 3703 3704
f 3701 3704 3702
f 3705 3707 3711
f 3705 3711 3709
f 3706 3710 3712
f 3706 3712 3708
f 3709 3711 3712
f 3709 3712 3710
f 3713 3715 3719
f 3713 3719 3717
f 3714 3718 3720
f 3714 3720 3716
f 3717 3719 3720
f 3717 3720 3718
f 3721 3723 3727
f 3721 3727 3725
f 3722 3726 3728
f 3722 3728 3724
f 3725 3727 3728
f 3725 3728 3726
f 3729 3731 3735
f 3729 3735 3733
f 3730 3734 3736
f 3730 3736 3732
f 3733 3735 3736
f 3733 3736 3734
f 3737 3739 3743
f 3737 3743 3741
f 3738 3742 3744
f 3738 3744 3740
f 3741 3743 3744
f 3741 3744 3742
f 3745 3747 3751
f 3745 3751 3749
f 3746 3750 3752
f 3746 3752 3748
f 3749 3751 3752
f 3749 3752 3750
f 3753 3755 3759
f 3753 3759 3757
f 3754 3758 3760
f 3754 3760 3756
f 3757 3759 3760
f 3757 3760 3758
f 3761 3763 3767
f 3761 3767 3765
f 3762 3766 3768
f 3762 3768 3764
f 3765 3767 3768
f 3765 3768 3766
f 3769 3771 3775
f 3769 3775 3773
f 3770 3774 3776
f 3770 3776 3772
f 3773 3775 3776
f 3773 3776 3774
f 3777 3779 3783
f 3777 3783 3781
f 3778 3782 3784
f 3778 3784 3780
f 3781 3783 3784
f 3781 3784 3782
f 3785 3787 3791
f 3785 3791 3789
f 3786 3790 3792
f 3786 3792 3788
f 3789 3791 3792
f 3789 3792 3790
f 3793 3795 3799
f 3793 3799 3797
f 3794 3798 3800
f 3794 3800 3796
f 3797 3799 3800
f 3797 3800 3798
f 3801 3803 3807
f 3801 3807 3805
f 3802 3806 3808
f 3802 3808 3804
f 3805 3807 3808
f 3805 3808 3806
f 3809 3811 3815
f 3809 3815 3813
f 3810 3814 3816
f 3810 3816 3812
f 3813 3815 3816
f 3813 3816 3814
f 3817 3819 3823
f 3817 3823 3821
f 3818 3822 3824
f 3818 3824 3820
f 3821 3823 3824
f 3821 3824 3822
f 3825 3827 3831
f 3825 3831 3829
f 3826 3830 3832
f 3826 3832 3828
f 3829 3831 3832
f 3829 3832 3830
f 3833 3835 3839
f 3833 3839 3837
f 3834 3838 3840
f 3834 3840 3836
f 3837 3839 3840
f 3837 3840 3838
f 3841 3843 3847
f 3841 3847 3845
f 3842 3846 3848
f 3842 3848 3844
f 3845 3847 3848
f 3845 3848 3846
f 3849 3851 3855
f 3849 3855 3853
f 3850 3854 3856
f 3850 3856 3852
f 3853 3855 3856
f 3853 3856 3854
f 3857 3859 3863
f 3857 3863 3861
f 3858 3862 3864
f 3858 3864 3860
f 3861 3863 3864
f 3861 3864 3862
f 3865 3867 3871
f 3865 3871 3869
f 3866 3870 3872
f 3866 3872 3868
f 3869 3871 3872
f 3869 3872 3870
f 3873 3875 3879
f 3873 3879 3877
f 3874 3878 3880
f 3874 3880 3876
f 3877 3879 3880
f 3877 3880 3878
f 3881 3883 3887
f 3881 3887 3885
f 3882 3886 3888
f 3882 3888 3884
f 3885 3887 3888
f 3885 3888 3886
f 3889 3891 3895
f 3889 3895 3893
f 3890 3894 3896
f 3890 3896 3892
f 3893 3895 3896
f 3893 3896 3894
f 3897 3899 3903
f 3897 3903 3901
f 3898 3902 3904
f 3898 3904 3900
f 3901 3903 3904
f 3901 3904 3902
f 3905 3907 3911
f 3905 3911 3909
f 3906 3910 3912
f 3906 3912 3908
f 3909 3911 3912
f 3909 3912 3910
f 3913 3915 3919
f 3913 3919 3917
f 3914 3918 3920
f 3914 3920 3916
f 3917 3919 3920
f 3917 3920 3918
f 3921 3923 3927
f 3921 3927 3925
f 3922 3926 3928
f 3922 3928 3924
f 3925 3927 3928
f 3925 3928 3926
f 3929 3931 3935
f 3929 3935 3933
f 3930 3934 3936
f 3930 3936 3932
f 3933 3935 3936
f 3933 3936 3934
f 3937 3939 3943
f 3937 3943 3941
f 3938 3942 3944
f 3938 3944 3940
f 3941 3943 3944
f 3941 3944 3942
f 3945 3947 3951
f 3945 3951 3949
f 3946 3950 3952
f 3946 3952 3948
f 3949 3951 3952
f 3949 3952 3950
f 3953 3955 3959
f 3953 3959 3957
f 3954 3958 3960
f 3954 3960 3956
f 3957 3959 3960
f 3957 3960 3958
f 3961 3963 3967
f 3961 3967 3965
f 3962 3966 3968
f 3962 3968 3964
f 3965 3967 3968
f 3965 3968 3966
f 3969 3971 3975
f 3969 3975 3973
f 3970 3974 3976
f 3970 3976 3972
f 3973 3975 3976
f 3973 3976 3974
f 3977 3979 3983
f 3977 3983 3981
f 3978 3982 3984
f 3978 3984 3980
f 3981 3983 3984
f 3981 3984 3982
f 3985 3987 3991
f 3985 3991 3989
f 3986 3990 3992
f 3986 3992 3988
f 3989 3991 3992
f 3989 3992 3990
f 3993 3995 3999
f 3993 3999 3997
f 3994 3998 4000
f 3994 4000 3996
f 3997 3999 4000
f 3997 4000 3998
f 4001 4003 4007
f 4001 4007 4005
f 4002 4006 4008
f 4002 4008 4004
f 4005 4007 4008
f 4005 4008 4006
f 4009 4011 4015
f 4009 4015 4013
f 4010 4014 4016
f 4010 4016 4012
f 4013 4015 4016
f 4013 4016 4014
f 4017 4019 4023
f 4017 4023 4021
f 4018 4022 4024
f 4018 4024 4020
f 4021 4023 4024
f 4021 4024 4022
f 4025 4027 4031
f 4025 4031 4029
f 4026 4030 4032
f 4026 4032 4028
f 4029 4031 4032
f 4029 4032 4030
f 4033 4035 4039
f 4033 4039 4037
f 4034 4038 4040
f 4034 4040 4036
f 4037 4039 4040
f 4037 4040 4038
f 4041 4043 4047
f 4041 4047 4045
f 4042 4046 4048
f 4042 4048 4044
f 4045 4047 4048
f 4045 4048 4046
f 4049 4051 4055
f 4049 4055 4053
f 4050 4054 4056
f 4050 4056 4052
f 4053 4055 4056
f 4053 4056 4054
f 4057 4059 4063
f 4057 4063 4061
f 4058 4062 4064
f 4058 4064 4060
f 4061 4063 4064
f 4061 4064 4062
f 4065 4067 4071
f 4065 4071 4069
f 4066 4070 4072
f 4066 4072 4068
f 4069 4071 4072
f 4069 4072 4070
f 4073 4075 4079
f 4073 4079 4077
f 4074 4078 4080
f 4074 4080 4076
f 4077 4079 4080
f 4077 4080 4078
f 4081 4083 4087
f 4081 4087 4085
f 4082 4086 4088
f 4082 4088 4084
f 4085 4087 4088
f 4085 4088 4086
f 4089 4091 4095
f 4089 4095 4093
f 4090 4094 4096
f 4090 4096 4092
f 4093 4095 4096
f 4093 4096 4094
f 4097 4099 4103
f 4097 4103 4101
f 4098 4102 4104
f 4098 4104 4100
f 4101 4103 4104
f 4101 4104 4102
f 4105 4107 4111
f 4105 4111 4109
f 4106 4110 4112
f 4106 4112 4108
f 4109 4111 4112
f 4109 4112 4110
f 4113 4115 4119
f 4113 4119 4117
f 4114 4118 4120
f 4114 4120 4116
f 4117 4119 4120
f 4117 4120 4118
f 4121 4123 4127
f 4121 4127 4125
f 4122 4126 4128
f 4122 4128 4124
f 4125 4127 4128
f 4125 4128 4126
f 4129 4131 4135
f 4129 4135 4133
f 4130 4134 4136
f 4130 4136 4132
f 4133 4135 4136
f 4133 4136 4134
f 4137 4139 4143
f 4137 4143 4141
f 4138 4142 4144
f 4138 4144 4140
f 4141 4143 4144
f 4141 4144 4142
f 4145 4147 4151
f 4145 4151 4149
f 4146 4150 4152
f 4146 4152 4148
f 4149 4151 4152
f 4149 4152 4150
f 4153 4155 4159
f 4153 4159 4157
f 4154 4158 4160
f 4154 4160 4156
f 4157 4159 4160
f 4157 4160 4158
f 4161 4163 4167
f 4161 4167 4165
f 4162 4166 4168
f 4162 4168 4164
f 4165 4167 4168
f 4165 4168 4166
f 4169 4171 4175
f 4169 4175 4173
f 4170 4174 4176
f 4170 4176 4172
f 4173 4175 4176
f 4173 4176 4174
f 4177 4179 4183
f 4177 4183 4181
f 4178 4182 4184
f 4178 4184 4180
f 4181 4183 4184
f 4181 4184 4182
f 4185 4187 4191
f 4185 4191 4189
f 4186 4190 4192
f 4186 4192 4188
f 4189 4191 4192
f 4189 4192 4190
f 4193 4195 4199
f 4193 4199 4197
f 4194 4198 4200
f 4194 4200 4196
f 4197 4199 4200
f 4197 4200 4198
f 4201 4203 4207
f 4201 4207 4205
f 4202 4206 4208
f 4202 4208 4204
f 4205 4207 4208
f 4205 4208 4206
f 4209 4211 4215
f 4209 4215 4213
f 4210 4214 4216
f 4210 4216 4212
f 4213 4215 4216
f 4213 4216 4214
f 4217 4219 4223
f 4217 4223 4221
f 4218 4222 4224
f 4218 4224 4220
f 4221 4223 4224
f 4221 4224 4222
f 4225 4227 4231
f 4225 4231 4229
f 4226 4230 4232
f 4226 4232 4228
f 4229 4231 4232
f 4229 4232 4230
f 4233 4235 4239
f 4233 4239 4237
f 4234 4238 4240
f 4234 4240 4236
f 4237 4239 4240
f 4237 4240 4238
f 4241 4243 4247
f 4241 4247 4245
f 4242 4246 4248
f 4242 4248 4244
f 4245 4247 4248
f 4245 4248 4246
f 4249 4251 4255
f 4249 4255 4253
f 4250 4254 4256
f 4250 4256 4252
f 4253 4255 4256
f 4253 4256 4254
f 4257 4259 4263
f 4257 4263 4261
f 4258 4262 4264
f 4258 4264 4260
f 4261 4263 4264
f 4261 4264 4262
f 4265 4267 4271
f 4265 4271 4269
f 4266 4270 4272
f 4266 4272 4268
f 4269 4271 4272
f 4269 4272 4270
f 4273 4275 4279
f 4273 4279 4277
f 4274 4278 4280
f 4274 4280 4276
f 4277 4279 4280
f 4277 4280 4278
f 4281 4283 4287
f 4281 4287 4285
f 4282 4286 4288
f 4282 4288 4284
f 4285 4287 4288
f 4285 4288 4286
f 4289 4291 4295
f 4289 4295 4293
f 4290 4294 4296
f 4290 4296 4292
f 4293 4295 4296
f 4293 4296 4294
f 4297 4299 4303
f 4297 4303 4301
f 4298 4302 4304
f 4298 4304 4300
f 4301 4303 4304
f 4301 4304 4302
f 4305 4307 4311
f 4305 4311 4309
f 4306 4310 4312
f 4306 4312 4308
f 4309 4311 4312
f 4309 4312 4310
