# AiCar meshgen
# verts=2584 faces=1938
# map=icra2026_classic visual
v -10.676000 0.000000 6.232000
v -10.756000 0.000000 6.232000
v -10.676000 0.000000 5.947000
v -10.756000 0.000000 5.947000
v -10.676000 0.350000 6.232000
v -10.756000 0.350000 6.232000
v -10.676000 0.350000 5.947000
v -10.756000 0.350000 5.947000
v -10.715556 0.000000 5.986998
v -10.716444 0.000000 5.907002
v -9.005556 0.000000 5.967998
v -9.006444 0.000000 5.888002
v -10.715556 0.350000 5.986998
v -10.716444 0.350000 5.907002
v -9.005556 0.350000 5.967998
v -9.006444 0.350000 5.888002
v -8.996838 0.000000 5.966937
v -9.015162 0.000000 5.889063
v -8.673838 0.000000 5.890937
v -8.692162 0.000000 5.813063
v -8.996838 0.350000 5.966937
v -9.015162 0.350000 5.889063
v -8.673838 0.350000 5.890937
v -8.692162 0.350000 5.813063
v -8.663949 0.000000 5.887172
v -8.702051 0.000000 5.816828
v -8.207949 0.000000 5.640172
v -8.246051 0.000000 5.569828
v -8.663949 0.350000 5.887172
v -8.702051 0.350000 5.816828
v -8.207949 0.350000 5.640172
v -8.246051 0.350000 5.569828
v -8.198716 0.000000 5.633284
v -8.255284 0.000000 5.576716
v -7.856716 0.000000 5.291284
v -7.913284 0.000000 5.234716
v -8.198716 0.350000 5.633284
v -8.255284 0.350000 5.576716
v -7.856716 0.350000 5.291284
v -7.913284 0.350000 5.234716
v -7.850700 0.000000 5.283580
v -7.919300 0.000000 5.242420
v -7.622700 0.000000 4.903580
v -7.691300 0.000000 4.862420
v -7.850700 0.350000 5.283580
v -7.919300 0.350000 5.242420
v -7.622700 0.350000 4.903580
v -7.691300 0.350000 4.862420
v -7.618295 0.000000 4.893097
v -7.695705 0.000000 4.872903
v -7.504295 0.000000 4.456097
v -7.581705 0.000000 4.435903
v -7.618295 0.350000 4.893097
v -7.695705 0.350000 4.872903
v -7.504295 0.350000 4.456097
v -7.581705 0.350000 4.435903
v -7.503000 0.000000 4.446000
v -7.583000 0.000000 4.446000
v -7.503000 0.000000 4.009000
v -7.583000 0.000000 4.009000
v -7.503000 0.350000 4.446000
v -7.583000 0.350000 4.446000
v -7.503000 0.350000 4.009000
v -7.583000 0.350000 4.009000
v -7.504295 0.000000 3.998903
v -7.581705 0.000000 4.019097
v -7.618295 0.000000 3.561903
v -7.695705 0.000000 3.582097
v -7.504295 0.350000 3.998903
v -7.581705 0.350000 4.019097
v -7.618295 0.350000 3.561903
v -7.695705 0.350000 3.582097
v -7.623309 0.000000 3.550438
v -7.690691 0.000000 3.593562
v -7.927309 0.000000 3.075438
v -7.994691 0.000000 3.118562
v -7.623309 0.350000 3.550438
v -7.690691 0.350000 3.593562
v -7.927309 0.350000 3.075438
v -7.994691 0.350000 3.118562
v -7.934660 0.000000 3.066897
v -7.987340 0.000000 3.127103
v -8.238660 0.000000 2.800897
v -8.291340 0.000000 2.861103
v -7.934660 0.350000 3.066897
v -7.987340 0.350000 3.127103
v -8.238660 0.350000 2.800897
v -8.291340 0.350000 2.861103
v -8.246497 0.000000 2.795537
v -8.283503 0.000000 2.866463
v -8.683497 0.000000 2.567537
v -8.720503 0.000000 2.638463
v -8.246497 0.350000 2.795537
v -8.283503 0.350000 2.866463
v -8.683497 0.350000 2.567537
v -8.720503 0.350000 2.638463
v -8.693323 0.000000 2.563953
v -8.710677 0.000000 2.642047
v -9.035323 0.000000 2.487953
v -9.052677 0.000000 2.566047
v -8.693323 0.350000 2.563953
v -8.710677 0.350000 2.642047
v -9.035323 0.350000 2.487953
v -9.052677 0.350000 2.566047
v -9.044000 0.000000 2.487000
v -9.044000 0.000000 2.567000
v -11.875000 0.000000 2.487000
v -11.875000 0.000000 2.567000
v -9.044000 0.350000 2.487000
v -9.044000 0.350000 2.567000
v -11.875000 0.350000 2.487000
v -11.875000 0.350000 2.567000
v -11.860424 0.000000 2.489750
v -11.889576 0.000000 2.564250
v -12.297424 0.000000 2.318750
v -12.326576 0.000000 2.393250
v -11.860424 0.350000 2.489750
v -11.889576 0.350000 2.564250
v -12.297424 0.350000 2.318750
v -12.326576 0.350000 2.393250
v -12.282819 0.000000 2.328642
v -12.341181 0.000000 2.383358
v -12.567819 0.000000 2.024642
v -12.626181 0.000000 2.079358
v -12.282819 0.350000 2.328642
v -12.341181 0.350000 2.383358
v -12.567819 0.350000 2.024642
v -12.626181 0.350000 2.079358
v -12.559246 0.000000 2.038786
v -12.634754 0.000000 2.065214
v -12.692246 0.000000 1.658786
v -12.767754 0.000000 1.685214
v -12.559246 0.350000 2.038786
v -12.634754 0.350000 2.065214
v -12.692246 0.350000 1.658786
v -12.767754 0.350000 1.685214
v -12.690000 0.000000 1.672000
v -12.770000 0.000000 1.672000
v -12.690000 0.000000 -4.066000
v -12.770000 0.000000 -4.066000
v -12.690000 0.350000 1.672000
v -12.770000 0.350000 1.672000
v -12.690000 0.350000 -4.066000
v -12.770000 0.350000 -4.066000
v -12.692750 0.000000 -4.051424
v -12.767250 0.000000 -4.080576
v -12.521750 0.000000 -4.488424
v -12.596250 0.000000 -4.517576
v -12.692750 0.350000 -4.051424
v -12.767250 0.350000 -4.080576
v -12.521750 0.350000 -4.488424
v -12.596250 0.350000 -4.517576
v -12.530716 0.000000 -4.474716
v -12.587284 0.000000 -4.531284
v -12.302716 0.000000 -4.702716
v -12.359284 0.000000 -4.759284
v -12.530716 0.350000 -4.474716
v -12.587284 0.350000 -4.531284
v -12.302716 0.350000 -4.702716
v -12.359284 0.350000 -4.759284
v -12.315243 0.000000 -4.694234
v -12.346757 0.000000 -4.767766
v -11.916243 0.000000 -4.865234
v -11.947757 0.000000 -4.938766
v -12.315243 0.350000 -4.694234
v -12.346757 0.350000 -4.767766
v -11.916243 0.350000 -4.865234
v -11.947757 0.350000 -4.938766
v -11.928874 0.000000 -4.862122
v -11.935126 0.000000 -4.941878
v -2.960874 0.000000 -5.565122
v -2.967126 0.000000 -5.644878
v -11.928874 0.350000 -4.862122
v -11.935126 0.350000 -4.941878
v -2.960874 0.350000 -5.565122
v -2.967126 0.350000 -5.644878
v -2.965378 0.000000 -5.565024
v -2.962622 0.000000 -5.644976
v -2.414378 0.000000 -5.546024
v -2.411622 0.000000 -5.625976
v -2.965378 0.350000 -5.565024
v -2.962622 0.350000 -5.644976
v -2.414378 0.350000 -5.546024
v -2.411622 0.350000 -5.625976
v -2.423989 0.000000 -5.547539
v -2.402011 0.000000 -5.624461
v -2.157989 0.000000 -5.471539
v -2.136011 0.000000 -5.548461
v -2.423989 0.350000 -5.547539
v -2.402011 0.350000 -5.624461
v -2.157989 0.350000 -5.471539
v -2.136011 0.350000 -5.548461
v -2.165560 0.000000 -5.474567
v -2.128440 0.000000 -5.545433
v -1.766560 0.000000 -5.265567
v -1.729440 0.000000 -5.336433
v -2.165560 0.350000 -5.474567
v -2.128440 0.350000 -5.545433
v -1.766560 0.350000 -5.265567
v -1.729440 0.350000 -5.336433
v -1.775358 0.000000 -5.271819
v -1.720642 0.000000 -5.330181
v -1.471358 0.000000 -4.986819
v -1.416642 0.000000 -5.045181
v -1.775358 0.350000 -5.271819
v -1.720642 0.350000 -5.330181
v -1.471358 0.350000 -4.986819
v -1.416642 0.350000 -5.045181
v -1.477282 0.000000 -4.993812
v -1.410718 0.000000 -5.038188
v -1.249282 0.000000 -4.651812
v -1.182718 0.000000 -4.696188
v -1.477282 0.350000 -4.993812
v -1.410718 0.350000 -5.038188
v -1.249282 0.350000 -4.651812
v -1.182718 0.350000 -4.696188
v -1.253947 0.000000 -4.661351
v -1.178053 0.000000 -4.686649
v -1.101947 0.000000 -4.205351
v -1.026053 0.000000 -4.230649
v -1.253947 0.350000 -4.661351
v -1.178053 0.350000 -4.686649
v -1.101947 0.350000 -4.205351
v -1.026053 0.350000 -4.230649
v -1.104000 0.000000 -4.217911
v -1.024000 0.000000 -4.218089
v -1.085000 0.000000 4.275089
v -1.005000 0.000000 4.274911
v -1.104000 0.350000 -4.217911
v -1.024000 0.350000 -4.218089
v -1.085000 0.350000 4.275089
v -1.005000 0.350000 4.274911
v -1.083375 0.000000 4.263713
v -1.006625 0.000000 4.286287
v -1.178375 0.000000 4.586713
v -1.101625 0.000000 4.609287
v -1.083375 0.350000 4.263713
v -1.006625 0.350000 4.286287
v -1.178375 0.350000 4.586713
v -1.101625 0.350000 4.609287
v -1.169896 0.000000 4.571425
v -1.110104 0.000000 4.624575
v -1.321896 0.000000 4.742425
v -1.262104 0.000000 4.795575
v -1.169896 0.350000 4.571425
v -1.110104 0.350000 4.624575
v -1.321896 0.350000 4.742425
v -1.262104 0.350000 4.795575
v -1.309889 0.000000 4.733223
v -1.274111 0.000000 4.804777
v -1.613889 0.000000 4.885223
v -1.578111 0.000000 4.956777
v -1.309889 0.350000 4.733223
v -1.274111 0.350000 4.804777
v -1.613889 0.350000 4.885223
v -1.578111 0.350000 4.956777
v -1.596000 0.000000 4.881000
v -1.596000 0.000000 4.961000
v -1.881000 0.000000 4.881000
v -1.881000 0.000000 4.961000
v -1.596000 0.350000 4.881000
v -1.596000 0.350000 4.961000
v -1.881000 0.350000 4.881000
v -1.881000 0.350000 4.961000
v -1.863111 0.000000 4.885223
v -1.898889 0.000000 4.956777
v -2.167111 0.000000 4.733223
v -2.202889 0.000000 4.804777
v -1.863111 0.350000 4.885223
v -1.898889 0.350000 4.956777
v -2.167111 0.350000 4.733223
v -2.202889 0.350000 4.804777
v -2.155104 0.000000 4.742425
v -2.214896 0.000000 4.795575
v -2.307104 0.000000 4.571425
v -2.366896 0.000000 4.624575
v -2.155104 0.350000 4.742425
v -2.214896 0.350000 4.795575
v -2.307104 0.350000 4.571425
v -2.366896 0.350000 4.624575
v -2.300077 0.000000 4.582615
v -2.373923 0.000000 4.613385
v -2.395077 0.000000 4.354615
v -2.468923 0.000000 4.385385
v -2.300077 0.350000 4.582615
v -2.373923 0.350000 4.613385
v -2.395077 0.350000 4.354615
v -2.468923 0.350000 4.385385
v -2.392000 0.000000 4.370000
v -2.472000 0.000000 4.370000
v -2.392000 0.000000 -3.971000
v -2.472000 0.000000 -3.971000
v -2.392000 0.350000 4.370000
v -2.472000 0.350000 4.370000
v -2.392000 0.350000 -3.971000
v -2.472000 0.350000 -3.971000
v -2.396223 0.000000 -3.988889
v -2.467777 0.000000 -3.953111
v -2.453223 0.000000 -4.102889
v -2.524777 0.000000 -4.067111
v -2.396223 0.350000 -3.988889
v -2.467777 0.350000 -3.953111
v -2.453223 0.350000 -4.102889
v -2.524777 0.350000 -4.067111
v -2.464442 0.000000 -4.116574
v -2.513558 0.000000 -4.053426
v -2.635442 0.000000 -4.249574
v -2.684558 0.000000 -4.186426
v -2.464442 0.350000 -4.116574
v -2.513558 0.350000 -4.053426
v -2.635442 0.350000 -4.249574
v -2.684558 0.350000 -4.186426
v -2.660000 0.000000 -4.258000
v -2.660000 0.000000 -4.178000
v -9.063000 0.000000 -4.258000
v -9.063000 0.000000 -4.178000
v -2.660000 0.350000 -4.258000
v -2.660000 0.350000 -4.178000
v -9.063000 0.350000 -4.258000
v -9.063000 0.350000 -4.178000
v -9.091284 0.000000 -4.246284
v -9.034716 0.000000 -4.189716
v -9.129284 0.000000 -4.208284
v -9.072716 0.000000 -4.151716
v -9.091284 0.350000 -4.246284
v -9.034716 0.350000 -4.189716
v -9.129284 0.350000 -4.208284
v -9.072716 0.350000 -4.151716
v -9.141000 0.000000 -4.180000
v -9.061000 0.000000 -4.180000
v -9.141000 0.000000 2.204000
v -9.061000 0.000000 2.204000
v -9.141000 0.350000 -4.180000
v -9.061000 0.350000 -4.180000
v -9.141000 0.350000 2.204000
v -9.061000 0.350000 2.204000
v -9.110701 0.000000 2.242806
v -9.091299 0.000000 2.165194
v -8.654701 0.000000 2.356806
v -8.635299 0.000000 2.279194
v -9.110701 0.350000 2.242806
v -9.091299 0.350000 2.165194
v -8.654701 0.350000 2.356806
v -8.635299 0.350000 2.279194
v -8.661552 0.000000 2.354415
v -8.628448 0.000000 2.281585
v -8.243552 0.000000 2.544415
v -8.210448 0.000000 2.471585
v -8.661552 0.350000 2.354415
v -8.628448 0.350000 2.281585
v -8.243552 0.350000 2.544415
v -8.210448 0.350000 2.471585
v -8.250728 0.000000 2.540202
v -8.203272 0.000000 2.475798
v -7.889728 0.000000 2.806202
v -7.842272 0.000000 2.741798
v -8.250728 0.350000 2.540202
v -8.203272 0.350000 2.475798
v -7.889728 0.350000 2.806202
v -7.842272 0.350000 2.741798
v -7.896103 0.000000 2.800340
v -7.835897 0.000000 2.747660
v -7.630103 0.000000 3.104340
v -7.569897 0.000000 3.051660
v -7.896103 0.350000 2.800340
v -7.835897 0.350000 2.747660
v -7.630103 0.350000 3.104340
v -7.569897 0.350000 3.051660
v -7.635463 0.000000 3.096503
v -7.564537 0.000000 3.059497
v -7.407463 0.000000 3.533503
v -7.336537 0.000000 3.496497
v -7.635463 0.350000 3.096503
v -7.564537 0.350000 3.059497
v -7.407463 0.350000 3.533503
v -7.336537 0.350000 3.496497
v -7.410375 0.000000 3.526287
v -7.333625 0.000000 3.503713
v -7.315375 0.000000 3.849287
v -7.238625 0.000000 3.826713
v -7.410375 0.350000 3.526287
v -7.333625 0.350000 3.503713
v -7.315375 0.350000 3.849287
v -7.238625 0.350000 3.826713
v -7.317000 0.000000 3.838000
v -7.237000 0.000000 3.838000
v -7.317000 0.000000 4.636000
v -7.237000 0.000000 4.636000
v -7.317000 0.350000 3.838000
v -7.237000 0.350000 3.838000
v -7.317000 0.350000 4.636000
v -7.237000 0.350000 4.636000
v -7.314400 0.000000 4.621814
v -7.239600 0.000000 4.650186
v -7.523400 0.000000 5.172814
v -7.448600 0.000000 5.201186
v -7.314400 0.350000 4.621814
v -7.239600 0.350000 4.650186
v -7.523400 0.350000 5.172814
v -7.448600 0.350000 5.201186
v -7.518769 0.000000 5.164062
v -7.453231 0.000000 5.209938
v -7.784769 0.000000 5.544062
v -7.719231 0.000000 5.589938
v -7.518769 0.350000 5.164062
v -7.453231 0.350000 5.209938
v -7.784769 0.350000 5.544062
v -7.719231 0.350000 5.589938
v -7.778032 0.000000 5.536630
v -7.725968 0.000000 5.597370
v -8.177032 0.000000 5.878630
v -8.124968 0.000000 5.939370
v -7.778032 0.350000 5.536630
v -7.725968 0.350000 5.597370
v -8.177032 0.350000 5.878630
v -8.124968 0.350000 5.939370
v -8.169716 0.000000 5.873648
v -8.132284 0.000000 5.944352
v -8.492716 0.000000 6.044648
v -8.455284 0.000000 6.115352
v -8.169716 0.350000 5.873648
v -8.132284 0.350000 5.944352
v -8.492716 0.350000 6.044648
v -8.455284 0.350000 6.115352
v -8.482913 0.000000 6.041006
v -8.465087 0.000000 6.118994
v -9.147913 0.000000 6.193006
v -9.130087 0.000000 6.270994
v -8.482913 0.350000 6.041006
v -8.465087 0.350000 6.118994
v -9.147913 0.350000 6.193006
v -9.130087 0.350000 6.270994
v -9.139000 0.000000 6.192000
v -9.139000 0.000000 6.272000
v -10.716000 0.000000 6.192000
v -10.716000 0.000000 6.272000
v -9.139000 0.350000 6.192000
v -9.139000 0.350000 6.272000
v -10.716000 0.350000 6.192000
v -10.716000 0.350000 6.272000
v -16.024197 0.000000 7.269228
v -15.971803 0.000000 7.208772
v -15.739197 0.000000 7.516228
v -15.686803 0.000000 7.455772
v -16.024197 0.350000 7.269228
v -15.971803 0.350000 7.208772
v -15.739197 0.350000 7.516228
v -15.686803 0.350000 7.455772
v -15.732610 0.000000 7.520863
v -15.693390 0.000000 7.451137
v -15.428610 0.000000 7.691863
v -15.389390 0.000000 7.622137
v -15.732610 0.350000 7.520863
v -15.693390 0.350000 7.451137
v -15.428610 0.350000 7.691863
v -15.389390 0.350000 7.622137
v -15.418386 0.000000 7.695883
v -15.399614 0.000000 7.618117
v -14.867386 0.000000 7.828883
v -14.848614 0.000000 7.751117
v -15.418386 0.350000 7.695883
v -15.399614 0.350000 7.618117
v -14.867386 0.350000 7.828883
v -14.848614 0.350000 7.751117
v -14.858000 0.000000 7.830000
v -14.858000 0.000000 7.750000
v -7.277000 0.000000 7.830000
v -7.277000 0.000000 7.750000
v -14.858000 0.350000 7.830000
v -14.858000 0.350000 7.750000
v -7.277000 0.350000 7.830000
v -7.277000 0.350000 7.750000
v -7.271595 0.000000 7.829633
v -7.282405 0.000000 7.750367
v -6.853595 0.000000 7.772633
v -6.864405 0.000000 7.693367
v -7.271595 0.350000 7.829633
v -7.282405 0.350000 7.750367
v -6.853595 0.350000 7.772633
v -6.864405 0.350000 7.693367
v -6.846809 0.000000 7.771097
v -6.871191 0.000000 7.694903
v -6.371809 0.000000 7.619097
v -6.396191 0.000000 7.542903
v -6.846809 0.350000 7.771097
v -6.871191 0.350000 7.694903
v -6.371809 0.350000 7.619097
v -6.396191 0.350000 7.542903
v -6.364846 0.000000 7.616116
v -6.403154 0.000000 7.545884
v -5.946846 0.000000 7.388116
v -5.985154 0.000000 7.317884
v -6.364846 0.350000 7.616116
v -6.403154 0.350000 7.545884
v -5.946846 0.350000 7.388116
v -5.985154 0.350000 7.317884
v -5.941214 0.000000 7.384395
v -5.990786 0.000000 7.321605
v -5.580214 0.000000 7.099395
v -5.629786 0.000000 7.036605
v -5.941214 0.350000 7.384395
v -5.990786 0.350000 7.321605
v -5.580214 0.350000 7.099395
v -5.629786 0.350000 7.036605
v -5.575339 0.000000 7.094837
v -5.634661 0.000000 7.041163
v -5.214339 0.000000 6.695837
v -5.273661 0.000000 6.642163
v -5.575339 0.350000 7.094837
v -5.634661 0.350000 7.041163
v -5.214339 0.350000 6.695837
v -5.273661 0.350000 6.642163
v -5.209869 0.000000 6.689858
v -5.278131 0.000000 6.648142
v -5.000869 0.000000 6.347858
v -5.069131 0.000000 6.306142
v -5.209869 0.350000 6.689858
v -5.278131 0.350000 6.648142
v -5.000869 0.350000 6.347858
v -5.069131 0.350000 6.306142
v -4.998077 0.000000 6.342385
v -5.071923 0.000000 6.311615
v -4.808077 0.000000 5.886385
v -4.881923 0.000000 5.855615
v -4.998077 0.350000 6.342385
v -5.071923 0.350000 6.311615
v -4.808077 0.350000 5.886385
v -4.881923 0.350000 5.855615
v -4.805777 0.000000 5.878845
v -4.884223 0.000000 5.863155
v -4.691777 0.000000 5.308845
v -4.770223 0.000000 5.293155
v -4.805777 0.350000 5.878845
v -4.884223 0.350000 5.863155
v -4.691777 0.350000 5.308845
v -4.770223 0.350000 5.293155
v -4.691000 0.000000 5.301000
v -4.771000 0.000000 5.301000
v -4.691000 0.000000 5.035000
v -4.771000 0.000000 5.035000
v -4.691000 0.350000 5.301000
v -4.771000 0.350000 5.301000
v -4.691000 0.350000 5.035000
v -4.771000 0.350000 5.035000
v -4.731000 0.000000 5.075000
v -4.731000 0.000000 4.995000
v -4.446000 0.000000 5.075000
v -4.446000 0.000000 4.995000
v -4.731000 0.350000 5.075000
v -4.731000 0.350000 4.995000
v -4.446000 0.350000 5.075000
v -4.446000 0.350000 4.995000
v -4.485962 0.000000 5.036737
v -4.406038 0.000000 5.033263
v -4.466962 0.000000 5.473737
v -4.387038 0.000000 5.470263
v -4.485962 0.350000 5.036737
v -4.406038 0.350000 5.033263
v -4.466962 0.350000 5.473737
v -4.387038 0.350000 5.470263
v -4.466087 0.000000 5.480497
v -4.387913 0.000000 5.463503
v -4.371087 0.000000 5.917497
v -4.292913 0.000000 5.900503
v -4.466087 0.350000 5.480497
v -4.387913 0.350000 5.463503
v -4.371087 0.350000 5.917497
v -4.292913 0.350000 5.900503
v -4.367777 0.000000 5.926889
v -4.296223 0.000000 5.891111
v -4.025777 0.000000 6.610889
v -3.954223 0.000000 6.575111
v -4.367777 0.350000 5.926889
v -4.296223 0.350000 5.891111
v -4.025777 0.350000 6.610889
v -3.954223 0.350000 6.575111
v -4.019783 0.000000 6.619702
v -3.960217 0.000000 6.566298
v -3.525783 0.000000 7.170702
v -3.466217 0.000000 7.117298
v -4.019783 0.350000 6.619702
v -3.960217 0.350000 6.566298
v -3.525783 0.350000 7.170702
v -3.466217 0.350000 7.117298
v -3.518460 0.000000 7.177099
v -3.473540 0.000000 7.110901
v -2.986460 0.000000 7.538099
v -2.941540 0.000000 7.471901
v -3.518460 0.350000 7.177099
v -3.473540 0.350000 7.110901
v -2.986460 0.350000 7.538099
v -2.941540 0.350000 7.471901
v -2.977313 0.000000 7.542720
v -2.950687 0.000000 7.467280
v -2.331313 0.000000 7.770720
v -2.304687 0.000000 7.695280
v -2.977313 0.350000 7.542720
v -2.950687 0.350000 7.467280
v -2.331313 0.350000 7.770720
v -2.304687 0.350000 7.695280
v -2.323405 0.000000 7.772633
v -2.312595 0.000000 7.693367
v -1.905405 0.000000 7.829633
v -1.894595 0.000000 7.750367
v -2.323405 0.350000 7.772633
v -2.312595 0.350000 7.693367
v -1.905405 0.350000 7.829633
v -1.894595 0.350000 7.750367
v -1.898463 0.000000 7.829970
v -1.901537 0.000000 7.750030
v -1.404463 0.000000 7.810970
v -1.407537 0.000000 7.731030
v -1.898463 0.350000 7.829970
v -1.901537 0.350000 7.750030
v -1.404463 0.350000 7.810970
v -1.407537 0.350000 7.731030
v -1.395820 0.000000 7.809683
v -1.416180 0.000000 7.732317
v -0.673820 0.000000 7.619683
v -0.694180 0.000000 7.542317
v -1.395820 0.350000 7.809683
v -1.416180 0.350000 7.732317
v -0.673820 0.350000 7.619683
v -0.694180 0.350000 7.542317
v -0.663268 0.000000 7.615208
v -0.704732 0.000000 7.546792
v -0.036268 0.000000 7.235208
v -0.077732 0.000000 7.166792
v -0.663268 0.350000 7.615208
v -0.704732 0.350000 7.546792
v -0.036268 0.350000 7.235208
v -0.077732 0.350000 7.166792
v -0.029535 0.000000 7.230081
v -0.084465 0.000000 7.171919
v 0.312465 0.000000 6.907081
v 0.257535 0.000000 6.848919
v -0.029535 0.350000 7.230081
v -0.084465 0.350000 7.171919
v 0.312465 0.350000 6.907081
v 0.257535 0.350000 6.848919
v 0.317167 0.000000 6.901776
v 0.252833 0.000000 6.854224
v 0.640167 0.000000 6.464776
v 0.575833 0.000000 6.417224
v 0.317167 0.350000 6.901776
v 0.252833 0.350000 6.854224
v 0.640167 0.350000 6.464776
v 0.575833 0.350000 6.417224
v 0.645070 0.000000 6.456028
v 0.570930 0.000000 6.425972
v 0.930070 0.000000 5.753028
v 0.855930 0.000000 5.722972
v 0.645070 0.350000 6.456028
v 0.570930 0.350000 6.425972
v 0.930070 0.350000 5.753028
v 0.855930 0.350000 5.722972
v 0.932568 0.000000 5.743862
v 0.853432 0.000000 5.732138
v 1.008568 0.000000 5.230862
v 0.929432 0.000000 5.219138
v 0.932568 0.350000 5.743862
v 0.853432 0.350000 5.732138
v 1.008568 0.350000 5.230862
v 0.929432 0.350000 5.219138
v 1.009000 0.000000 5.225000
v 0.929000 0.000000 5.225000
v 1.009000 0.000000 -4.104000
v 0.929000 0.000000 -4.104000
v 1.009000 0.350000 5.225000
v 0.929000 0.350000 5.225000
v 1.009000 0.350000 -4.104000
v 0.929000 0.350000 -4.104000
v 1.008736 0.000000 -4.108585
v 0.929264 0.000000 -4.099415
v 0.951736 0.000000 -4.602585
v 0.872264 0.000000 -4.593415
v 1.008736 0.350000 -4.108585
v 0.929264 0.350000 -4.099415
v 0.951736 0.350000 -4.602585
v 0.872264 0.350000 -4.593415
v 0.950313 0.000000 -4.609494
v 0.873687 0.000000 -4.586506
v 0.722313 0.000000 -5.369494
v 0.645687 0.000000 -5.346506
v 0.950313 0.350000 -4.609494
v 0.873687 0.350000 -4.586506
v 0.722313 0.350000 -5.369494
v 0.645687 0.350000 -5.346506
v 0.719489 0.000000 -5.376454
v 0.648511 0.000000 -5.339546
v 0.472489 0.000000 -5.851454
v 0.401511 0.000000 -5.814546
v 0.719489 0.350000 -5.376454
v 0.648511 0.350000 -5.339546
v 0.472489 0.350000 -5.851454
v 0.401511 0.350000 -5.814546
v 0.469769 0.000000 -5.855938
v 0.404231 0.000000 -5.810062
v 0.203769 0.000000 -6.235938
v 0.138231 0.000000 -6.190062
v 0.469769 0.350000 -5.855938
v 0.404231 0.350000 -5.810062
v 0.203769 0.350000 -6.235938
v 0.138231 0.350000 -6.190062
v 0.200598 0.000000 -6.239907
v 0.141402 0.000000 -6.186093
v -0.179402 0.000000 -6.657907
v -0.238598 0.000000 -6.604093
v 0.200598 0.350000 -6.239907
v 0.141402 0.350000 -6.186093
v -0.179402 0.350000 -6.657907
v -0.238598 0.350000 -6.604093
v -0.184846 0.000000 -6.662884
v -0.233154 0.000000 -6.599116
v -0.811846 0.000000 -7.137884
v -0.860154 0.000000 -7.074116
v -0.184846 0.350000 -6.662884
v -0.233154 0.350000 -6.599116
v -0.811846 0.350000 -7.137884
v -0.860154 0.350000 -7.074116
v -0.818968 0.000000 -7.142193
v -0.853032 0.000000 -7.069807
v -1.464968 0.000000 -7.446193
v -1.499032 0.000000 -7.373807
v -0.818968 0.350000 -7.142193
v -0.853032 0.350000 -7.069807
v -1.464968 0.350000 -7.446193
v -1.499032 0.350000 -7.373807
v -1.470800 0.000000 -7.448400
v -1.493200 0.000000 -7.371600
v -1.926800 0.000000 -7.581400
v -1.949200 0.000000 -7.504600
v -1.470800 0.350000 -7.448400
v -1.493200 0.350000 -7.371600
v -1.926800 0.350000 -7.581400
v -1.949200 0.350000 -7.504600
v -1.933600 0.000000 -7.582757
v -1.942400 0.000000 -7.503243
v -11.718600 0.000000 -8.665757
v -11.727400 0.000000 -8.586243
v -1.933600 0.350000 -7.582757
v -1.942400 0.350000 -7.503243
v -11.718600 0.350000 -8.665757
v -11.727400 0.350000 -8.586243
v -11.725919 0.000000 -8.665893
v -11.720081 0.000000 -8.586107
v -12.504919 0.000000 -8.608893
v -12.499081 0.000000 -8.529107
v -11.725919 0.350000 -8.665893
v -11.720081 0.350000 -8.586107
v -12.504919 0.350000 -8.608893
v -12.499081 0.350000 -8.529107
v -12.511162 0.000000 -8.607937
v -12.492838 0.000000 -8.530063
v -13.157162 0.000000 -8.455937
v -13.138838 0.000000 -8.378063
v -12.511162 0.350000 -8.607937
v -12.492838 0.350000 -8.530063
v -13.157162 0.350000 -8.455937
v -13.138838 0.350000 -8.378063
v -13.163182 0.000000 -8.454007
v -13.132818 0.000000 -8.379993
v -13.904182 0.000000 -8.150007
v -13.873818 0.000000 -8.075993
v -13.163182 0.350000 -8.454007
v -13.132818 0.350000 -8.379993
v -13.904182 0.350000 -8.150007
v -13.873818 0.350000 -8.075993
v -13.911013 0.000000 -8.146398
v -13.866987 0.000000 -8.079602
v -14.747013 0.000000 -7.595398
v -14.702987 0.000000 -7.528602
v -13.911013 0.350000 -8.146398
v -13.866987 0.350000 -8.079602
v -14.747013 0.350000 -7.595398
v -14.702987 0.350000 -7.528602
v -14.753284 0.000000 -7.590284
v -14.696716 0.000000 -7.533716
v -15.418284 0.000000 -6.925284
v -15.361716 0.000000 -6.868716
v -14.753284 0.350000 -7.590284
v -14.696716 0.350000 -7.533716
v -15.418284 0.350000 -6.925284
v -15.361716 0.350000 -6.868716
v -15.422989 0.000000 -6.919621
v -15.357011 0.000000 -6.874379
v -15.878989 0.000000 -6.254621
v -15.813011 0.000000 -6.209379
v -15.422989 0.350000 -6.919621
v -15.357011 0.350000 -6.874379
v -15.878989 0.350000 -6.254621
v -15.813011 0.350000 -6.209379
v -15.882646 0.000000 -6.248033
v -15.809354 0.000000 -6.215967
v -16.281646 0.000000 -5.336033
v -16.208354 0.000000 -5.303967
v -15.882646 0.350000 -6.248033
v -15.809354 0.350000 -6.215967
v -16.281646 0.350000 -5.336033
v -16.208354 0.350000 -5.303967
v -16.284223 0.000000 -5.327845
v -16.205777 0.000000 -5.312155
v -16.474223 0.000000 -4.377845
v -16.395777 0.000000 -4.362155
v -16.284223 0.350000 -5.327845
v -16.205777 0.350000 -5.312155
v -16.474223 0.350000 -4.377845
v -16.395777 0.350000 -4.362155
v -16.475000 0.000000 -4.370000
v -16.395000 0.000000 -4.370000
v -16.475000 0.000000 2.641000
v -16.395000 0.000000 2.641000
v -16.475000 0.350000 -4.370000
v -16.395000 0.350000 -4.370000
v -16.475000 0.350000 2.641000
v -16.395000 0.350000 2.641000
v -16.472947 0.000000 2.653649
v -16.397053 0.000000 2.628351
v -16.282947 0.000000 3.223649
v -16.207053 0.000000 3.198351
v -16.472947 0.350000 2.653649
v -16.397053 0.350000 2.628351
v -16.282947 0.350000 3.223649
v -16.207053 0.350000 3.198351
v -16.275729 0.000000 3.236607
v -16.214271 0.000000 3.185393
v -15.895729 0.000000 3.692607
v -15.834271 0.000000 3.641393
v -16.275729 0.350000 3.236607
v -16.214271 0.350000 3.185393
v -15.895729 0.350000 3.692607
v -15.834271 0.350000 3.641393
v -15.887188 0.000000 3.700282
v -15.842812 0.000000 3.633718
v -15.488188 0.000000 3.966282
v -15.443812 0.000000 3.899718
v -15.887188 0.350000 3.700282
v -15.842812 0.350000 3.633718
v -15.488188 0.350000 3.966282
v -15.443812 0.350000 3.899718
v -15.476399 0.000000 3.971625
v -15.455601 0.000000 3.894375
v -14.982399 0.000000 4.104625
v -14.961601 0.000000 4.027375
v -15.476399 0.350000 3.971625
v -15.455601 0.350000 3.894375
v -14.982399 0.350000 4.104625
v -14.961601 0.350000 4.027375
v -15.012000 0.000000 4.066000
v -14.932000 0.000000 4.066000
v -15.012000 0.000000 4.389000
v -14.932000 0.000000 4.389000
v -15.012000 0.350000 4.066000
v -14.932000 0.350000 4.066000
v -15.012000 0.350000 4.389000
v -14.932000 0.350000 4.389000
v -14.981265 0.000000 4.350088
v -14.962735 0.000000 4.427912
v -15.380265 0.000000 4.445088
v -15.361735 0.000000 4.522912
v -14.981265 0.350000 4.350088
v -14.962735 0.350000 4.427912
v -15.380265 0.350000 4.445088
v -15.361735 0.350000 4.522912
v -15.392313 0.000000 4.450151
v -15.349687 0.000000 4.517849
v -15.905313 0.000000 4.773151
v -15.862687 0.000000 4.840849
v -15.392313 0.350000 4.450151
v -15.349687 0.350000 4.517849
v -15.905313 0.350000 4.773151
v -15.862687 0.350000 4.840849
v -15.913994 0.000000 4.780535
v -15.854006 0.000000 4.833465
v -16.198994 0.000000 5.103535
v -16.139006 0.000000 5.156465
v -15.913994 0.350000 4.780535
v -15.854006 0.350000 4.833465
v -16.198994 0.350000 5.103535
v -16.139006 0.350000 5.156465
v -16.205318 0.000000 5.113238
v -16.132682 0.000000 5.146762
v -16.433318 0.000000 5.607238
v -16.360682 0.000000 5.640762
v -16.205318 0.350000 5.113238
v -16.132682 0.350000 5.146762
v -16.433318 0.350000 5.607238
v -16.360682 0.350000 5.640762
v -16.436391 0.000000 5.617049
v -16.357609 0.000000 5.630951
v -16.493391 0.000000 5.940049
v -16.414609 0.000000 5.953951
v -16.436391 0.350000 5.617049
v -16.357609 0.350000 5.630951
v -16.493391 0.350000 5.940049
v -16.414609 0.350000 5.953951
v -16.493814 0.000000 5.950853
v -16.414186 0.000000 5.943147
v -16.436814 0.000000 6.539853
v -16.357186 0.000000 6.532147
v -16.493814 0.350000 5.950853
v -16.414186 0.350000 5.943147
v -16.436814 0.350000 6.539853
v -16.357186 0.350000 6.532147
v -16.433766 0.000000 6.551757
v -16.360234 0.000000 6.520243
v -16.262766 0.000000 6.950757
v -16.189234 0.000000 6.919243
v -16.433766 0.350000 6.551757
v -16.360234 0.350000 6.520243
v -16.262766 0.350000 6.950757
v -16.189234 0.350000 6.919243
v -16.258000 0.000000 6.959000
v -16.194000 0.000000 6.911000
v -16.030000 0.000000 7.263000
v -15.966000 0.000000 7.215000
v -16.258000 0.350000 6.959000
v -16.194000 0.350000 6.911000
v -16.030000 0.350000 7.263000
v -15.966000 0.350000 7.215000
v -16.268718 0.000000 7.311812
v -16.335282 0.000000 7.356188
v -16.458718 0.000000 7.026812
v -16.525282 0.000000 7.071188
v -16.268718 0.350000 7.311812
v -16.335282 0.350000 7.356188
v -16.458718 0.350000 7.026812
v -16.525282 0.350000 7.071188
v -16.454861 0.000000 7.034144
v -16.529139 0.000000 7.063856
v -16.644861 0.000000 6.559144
v -16.719139 0.000000 6.588856
v -16.454861 0.350000 7.034144
v -16.529139 0.350000 7.063856
v -16.644861 0.350000 6.559144
v -16.719139 0.350000 6.588856
v -16.642609 0.000000 6.567049
v -16.721391 0.000000 6.580951
v -16.699609 0.000000 6.244049
v -16.778391 0.000000 6.257951
v -16.642609 0.350000 6.567049
v -16.721391 0.350000 6.580951
v -16.699609 0.350000 6.244049
v -16.778391 0.350000 6.257951
v -16.699138 0.000000 6.254322
v -16.778862 0.000000 6.247678
v -16.642138 0.000000 5.570322
v -16.721862 0.000000 5.563678
v -16.699138 0.350000 6.254322
v -16.778862 0.350000 6.247678
v -16.642138 0.350000 5.570322
v -16.721862 0.350000 5.563678
v -16.644620 0.000000 5.581240
v -16.719380 0.000000 5.552760
v -16.492620 0.000000 5.182240
v -16.567380 0.000000 5.153760
v -16.644620 0.350000 5.581240
v -16.719380 0.350000 5.552760
v -16.492620 0.350000 5.182240
v -16.567380 0.350000 5.153760
v -16.497164 0.000000 5.190843
v -16.562836 0.000000 5.145157
v -16.193164 0.000000 4.753843
v -16.258836 0.000000 4.708157
v -16.497164 0.350000 5.190843
v -16.562836 0.350000 5.145157
v -16.193164 0.350000 4.753843
v -16.258836 0.350000 4.708157
v -16.198869 0.000000 4.760392
v -16.253131 0.000000 4.701608
v -15.951869 0.000000 4.532392
v -16.006131 0.000000 4.473608
v -16.198869 0.350000 4.760392
v -16.253131 0.350000 4.701608
v -15.951869 0.350000 4.532392
v -16.006131 0.350000 4.473608
v -15.958202 0.000000 4.537168
v -15.999798 0.000000 4.468832
v -15.521202 0.000000 4.271168
v -15.562798 0.000000 4.202832
v -15.958202 0.350000 4.537168
v -15.999798 0.350000 4.468832
v -15.521202 0.350000 4.271168
v -15.562798 0.350000 4.202832
v -15.519812 0.000000 4.203718
v -15.564188 0.000000 4.270282
v -16.032812 0.000000 3.861718
v -16.077188 0.000000 3.928282
v -15.519812 0.350000 4.203718
v -15.564188 0.350000 4.270282
v -16.032812 0.350000 3.861718
v -16.077188 0.350000 3.928282
v -16.025758 0.000000 3.867707
v -16.084242 0.000000 3.922293
v -16.291758 0.000000 3.582707
v -16.350242 0.000000 3.637293
v -16.025758 0.350000 3.867707
v -16.084242 0.350000 3.922293
v -16.291758 0.350000 3.582707
v -16.350242 0.350000 3.637293
v -16.286353 0.000000 3.590011
v -16.355647 0.000000 3.629989
v -16.571353 0.000000 3.096011
v -16.640647 0.000000 3.135989
v -16.286353 0.350000 3.590011
v -16.355647 0.350000 3.629989
v -16.571353 0.350000 3.096011
v -16.640647 0.350000 3.135989
v -16.567295 0.000000 3.105903
v -16.644705 0.000000 3.126097
v -16.681295 0.000000 2.668903
v -16.758705 0.000000 2.689097
v -16.567295 0.350000 3.105903
v -16.644705 0.350000 3.126097
v -16.681295 0.350000 2.668903
v -16.758705 0.350000 2.689097
v -16.680000 0.000000 2.678889
v -16.760000 0.000000 2.679111
v -16.699000 0.000000 -4.180111
v -16.779000 0.000000 -4.179889
v -16.680000 0.350000 2.678889
v -16.760000 0.350000 2.679111
v -16.699000 0.350000 -4.180111
v -16.779000 0.350000 -4.179889
v -16.699419 0.000000 -4.174228
v -16.778581 0.000000 -4.185772
v -16.566419 0.000000 -5.086228
v -16.645581 0.000000 -5.097772
v -16.699419 0.350000 -4.174228
v -16.778581 0.350000 -4.185772
v -16.566419 0.350000 -5.086228
v -16.645581 0.350000 -5.097772
v -16.568134 0.000000 -5.079109
v -16.643866 0.000000 -5.104891
v -16.264134 0.000000 -5.972109
v -16.339866 0.000000 -5.997891
v -16.568134 0.350000 -5.079109
v -16.643866 0.350000 -5.104891
v -16.264134 0.350000 -5.972109
v -16.339866 0.350000 -5.997891
v -16.266537 0.000000 -5.966497
v -16.337463 0.000000 -6.003503
v -16.038537 0.000000 -6.403497
v -16.109463 0.000000 -6.440503
v -16.266537 0.350000 -5.966497
v -16.337463 0.350000 -6.003503
v -16.038537 0.350000 -6.403497
v -16.109463 0.350000 -6.440503
v -16.041038 0.000000 -6.399339
v -16.106962 0.000000 -6.444661
v -15.623038 0.000000 -7.007339
v -15.688962 0.000000 -7.052661
v -16.041038 0.350000 -6.399339
v -16.106962 0.350000 -6.444661
v -15.623038 0.350000 -7.007339
v -15.688962 0.350000 -7.052661
v -15.627341 0.000000 -7.002095
v -15.684659 0.000000 -7.057905
v -14.924341 0.000000 -7.724095
v -14.981659 0.000000 -7.779905
v -15.627341 0.350000 -7.002095
v -15.684659 0.350000 -7.057905
v -14.924341 0.350000 -7.724095
v -14.981659 0.350000 -7.779905
v -14.930002 0.000000 -7.719272
v -14.975998 0.000000 -7.784728
v -14.227002 0.000000 -8.213272
v -14.272998 0.000000 -8.278728
v -14.930002 0.350000 -7.719272
v -14.975998 0.350000 -7.784728
v -14.227002 0.350000 -8.213272
v -14.272998 0.350000 -8.278728
v -14.233182 0.000000 -8.209708
v -14.266818 0.000000 -8.282292
v -13.454182 0.000000 -8.570708
v -13.487818 0.000000 -8.643292
v -14.233182 0.350000 -8.209708
v -14.266818 0.350000 -8.282292
v -13.454182 0.350000 -8.570708
v -13.487818 0.350000 -8.643292
v -13.460743 0.000000 -8.568338
v -13.481257 0.000000 -8.645662
v -12.529743 0.000000 -8.815338
v -12.550257 0.000000 -8.892662
v -13.460743 0.350000 -8.568338
v -13.481257 0.350000 -8.645662
v -12.529743 0.350000 -8.815338
v -12.550257 0.350000 -8.892662
v -12.537339 0.000000 -8.814089
v -12.542661 0.000000 -8.893911
v -11.682339 0.000000 -8.871089
v -11.687661 0.000000 -8.950911
v -12.537339 0.350000 -8.814089
v -12.542661 0.350000 -8.893911
v -11.682339 0.350000 -8.871089
v -11.687661 0.350000 -8.950911
v -11.689400 0.000000 -8.871243
v -11.680600 0.000000 -8.950757
v -1.904400 0.000000 -7.788243
v -1.895600 0.000000 -7.867757
v -11.689400 0.350000 -8.871243
v -11.680600 0.350000 -8.950757
v -1.904400 0.350000 -7.788243
v -1.895600 0.350000 -7.867757
v -1.911689 0.000000 -7.789746
v -1.888311 0.000000 -7.866254
v -1.227689 0.000000 -7.580746
v -1.204311 0.000000 -7.657254
v -1.911689 0.350000 -7.789746
v -1.888311 0.350000 -7.866254
v -1.227689 0.350000 -7.580746
v -1.204311 0.350000 -7.657254
v -1.234346 0.000000 -7.583455
v -1.197654 0.000000 -7.654545
v -0.645346 0.000000 -7.279455
v -0.608654 0.000000 -7.350545
v -1.234346 0.350000 -7.583455
v -1.197654 0.350000 -7.654545
v -0.645346 0.350000 -7.279455
v -0.608654 0.350000 -7.350545
v -0.651000 0.000000 -7.283000
v -0.603000 0.000000 -7.347000
v -0.119000 0.000000 -6.884000
v -0.071000 0.000000 -6.948000
v -0.651000 0.350000 -7.283000
v -0.603000 0.350000 -7.347000
v -0.119000 0.350000 -6.884000
v -0.071000 0.350000 -6.948000
v -0.123855 0.000000 -6.888299
v -0.066145 0.000000 -6.943701
v 0.332145 0.000000 -6.413299
v 0.389855 0.000000 -6.468701
v -0.123855 0.350000 -6.888299
v -0.066145 0.350000 -6.943701
v 0.332145 0.350000 -6.413299
v 0.389855 0.350000 -6.468701
v 0.328071 0.000000 -6.418291
v 0.393929 0.000000 -6.463709
v 0.708071 0.000000 -5.867291
v 0.773929 0.000000 -5.912709
v 0.328071 0.350000 -6.418291
v 0.393929 0.350000 -6.463709
v 0.708071 0.350000 -5.867291
v 0.773929 0.350000 -5.912709
v 0.704939 0.000000 -5.872691
v 0.777061 0.000000 -5.907309
v 0.932939 0.000000 -5.397691
v 1.005061 0.000000 -5.432309
v 0.704939 0.350000 -5.872691
v 0.777061 0.350000 -5.907309
v 0.932939 0.350000 -5.397691
v 1.005061 0.350000 -5.432309
v 0.930611 0.000000 -5.403764
v 1.007389 0.000000 -5.426236
v 1.158611 0.000000 -4.624764
v 1.235389 0.000000 -4.647236
v 0.930611 0.350000 -5.403764
v 1.007389 0.350000 -5.426236
v 1.158611 0.350000 -4.624764
v 1.235389 0.350000 -4.647236
v 1.157264 0.000000 -4.631415
v 1.236736 0.000000 -4.640585
v 1.214264 0.000000 -4.137415
v 1.293736 0.000000 -4.146585
v 1.157264 0.350000 -4.631415
v 1.236736 0.350000 -4.640585
v 1.214264 0.350000 -4.137415
v 1.293736 0.350000 -4.146585
v 1.214000 0.000000 -4.142000
v 1.294000 0.000000 -4.142000
v 1.214000 0.000000 5.282000
v 1.294000 0.000000 5.282000
v 1.214000 0.350000 -4.142000
v 1.294000 0.350000 -4.142000
v 1.214000 0.350000 5.282000
v 1.294000 0.350000 5.282000
v 1.214697 0.000000 5.274564
v 1.293303 0.000000 5.289436
v 1.081697 0.000000 5.977564
v 1.160303 0.000000 5.992436
v 1.214697 0.350000 5.274564
v 1.293303 0.350000 5.289436
v 1.081697 0.350000 5.977564
v 1.160303 0.350000 5.992436
v 1.084298 0.000000 5.969096
v 1.157702 0.000000 6.000904
v 0.837298 0.000000 6.539096
v 0.910702 0.000000 6.570904
v 1.084298 0.350000 5.969096
v 1.157702 0.350000 6.000904
v 0.837298 0.350000 6.539096
v 0.910702 0.350000 6.570904
v 0.841451 0.000000 6.531750
v 0.906549 0.000000 6.578250
v 0.461451 0.000000 7.063750
v 0.526549 0.000000 7.110250
v 0.841451 0.350000 6.531750
v 0.906549 0.350000 6.578250
v 0.461451 0.350000 7.063750
v 0.526549 0.350000 7.110250
v 0.466535 0.000000 7.057919
v 0.521465 0.000000 7.116081
v 0.124535 0.000000 7.380919
v 0.179465 0.000000 7.439081
v 0.466535 0.350000 7.057919
v 0.521465 0.350000 7.116081
v 0.124535 0.350000 7.380919
v 0.179465 0.350000 7.439081
v 0.130800 0.000000 7.376080
v 0.173200 0.000000 7.443920
v -0.477200 0.000000 7.756080
v -0.434800 0.000000 7.823920
v 0.130800 0.350000 7.376080
v 0.173200 0.350000 7.443920
v -0.477200 0.350000 7.756080
v -0.434800 0.350000 7.823920
v -0.468973 0.000000 7.752162
v -0.443027 0.000000 7.827838
v -1.133973 0.000000 7.980162
v -1.108027 0.000000 8.055838
v -0.468973 0.350000 7.752162
v -0.443027 0.350000 7.827838
v -1.133973 0.350000 7.980162
v -1.108027 0.350000 8.055838
v -1.123784 0.000000 7.978097
v -1.118216 0.000000 8.057903
v -1.940784 0.000000 8.035097
v -1.935216 0.000000 8.114903
v -1.123784 0.350000 7.978097
v -1.118216 0.350000 8.057903
v -1.940784 0.350000 8.035097
v -1.935216 0.350000 8.114903
v -1.930754 0.000000 8.035662
v -1.945246 0.000000 8.114338
v -2.652754 0.000000 7.902662
v -2.667246 0.000000 7.981338
v -1.930754 0.350000 8.035662
v -1.945246 0.350000 8.114338
v -2.652754 0.350000 7.902662
v -2.667246 0.350000 7.981338
v -2.643638 0.000000 7.905500
v -2.676362 0.000000 7.978500
v -3.194638 0.000000 7.658500
v -3.227362 0.000000 7.731500
v -2.643638 0.350000 7.905500
v -2.676362 0.350000 7.978500
v -3.194638 0.350000 7.658500
v -3.227362 0.350000 7.731500
v -3.187980 0.000000 7.662288
v -3.234020 0.000000 7.727712
v -3.700980 0.000000 7.301288
v -3.747020 0.000000 7.366712
v -3.187980 0.350000 7.662288
v -3.234020 0.350000 7.727712
v -3.700980 0.350000 7.301288
v -3.747020 0.350000 7.366712
v -3.694217 0.000000 7.307298
v -3.753783 0.000000 7.360702
v -4.188217 0.000000 6.756298
v -4.247783 0.000000 6.809702
v -3.694217 0.350000 7.307298
v -3.753783 0.350000 7.360702
v -4.188217 0.350000 6.756298
v -4.247783 0.350000 6.809702
v -4.182603 0.000000 6.764370
v -4.253397 0.000000 6.801630
v -4.562603 0.000000 6.042370
v -4.633397 0.000000 6.079630
v -4.182603 0.350000 6.764370
v -4.253397 0.350000 6.801630
v -4.562603 0.350000 6.042370
v -4.633397 0.350000 6.079630
v -4.633777 0.000000 6.043111
v -4.562223 0.000000 6.078889
v -4.975777 0.000000 6.727111
v -4.904223 0.000000 6.762889
v -4.633777 0.350000 6.043111
v -4.562223 0.350000 6.078889
v -4.975777 0.350000 6.727111
v -4.904223 0.350000 6.762889
v -4.971090 0.000000 6.719832
v -4.908910 0.000000 6.770168
v -5.294090 0.000000 7.118832
v -5.231910 0.000000 7.169168
v -4.971090 0.350000 6.719832
v -4.908910 0.350000 6.770168
v -5.294090 0.350000 7.118832
v -5.231910 0.350000 7.169168
v -5.289759 0.000000 7.114268
v -5.236241 0.000000 7.173732
v -5.669759 0.000000 7.456268
v -5.616241 0.000000 7.515732
v -5.289759 0.350000 7.114268
v -5.236241 0.350000 7.173732
v -5.669759 0.350000 7.456268
v -5.616241 0.350000 7.515732
v -5.664730 0.000000 7.452417
v -5.621270 0.000000 7.519583
v -5.987730 0.000000 7.661417
v -5.944270 0.000000 7.728583
v -5.664730 0.350000 7.452417
v -5.621270 0.350000 7.519583
v -5.987730 0.350000 7.661417
v -5.944270 0.350000 7.728583
v -5.982666 0.000000 7.658637
v -5.949334 0.000000 7.731363
v -6.438666 0.000000 7.867637
v -6.405334 0.000000 7.940363
v -5.982666 0.350000 7.658637
v -5.949334 0.350000 7.731363
v -6.438666 0.350000 7.867637
v -6.405334 0.350000 7.940363
v -6.432989 0.000000 7.865539
v -6.411011 0.000000 7.942461
v -6.831989 0.000000 7.979539
v -6.810011 0.000000 8.056461
v -6.432989 0.350000 7.865539
v -6.411011 0.350000 7.942461
v -6.831989 0.350000 7.979539
v -6.810011 0.350000 8.056461
v -6.826405 0.000000 7.978367
v -6.815595 0.000000 8.057633
v -7.244405 0.000000 8.035367
v -7.233595 0.000000 8.114633
v -6.826405 0.350000 7.978367
v -6.815595 0.350000 8.057633
v -7.244405 0.350000 8.035367
v -7.233595 0.350000 8.114633
v -7.239000 0.000000 8.035000
v -7.239000 0.000000 8.115000
v -14.896000 0.000000 8.035000
v -14.896000 0.000000 8.115000
v -7.239000 0.350000 8.035000
v -7.239000 0.350000 8.115000
v -14.896000 0.350000 8.035000
v -14.896000 0.350000 8.115000
v -14.888155 0.000000 8.035777
v -14.903845 0.000000 8.114223
v -15.363155 0.000000 7.940777
v -15.378845 0.000000 8.019223
v -14.888155 0.350000 8.035777
v -14.903845 0.350000 8.114223
v -15.363155 0.350000 7.940777
v -15.378845 0.350000 8.019223
v -15.354754 0.000000 7.943448
v -15.387246 0.000000 8.016552
v -15.696754 0.000000 7.791448
v -15.729246 0.000000 7.864552
v -15.354754 0.350000 7.943448
v -15.387246 0.350000 8.016552
v -15.696754 0.350000 7.791448
v -15.729246 0.350000 7.864552
v -15.690812 0.000000 7.794718
v -15.735188 0.000000 7.861282
v -15.975812 0.000000 7.604718
v -16.020188 0.000000 7.671282
v -15.690812 0.350000 7.794718
v -15.735188 0.350000 7.861282
v -15.975812 0.350000 7.604718
v -16.020188 0.350000 7.671282
v -15.969716 0.000000 7.609716
v -16.026284 0.000000 7.666284
v -16.273716 0.000000 7.305716
v -16.330284 0.000000 7.362284
v -15.969716 0.350000 7.609716
v -16.026284 0.350000 7.666284
v -16.273716 0.350000 7.305716
v -16.330284 0.350000 7.362284
v -1.469765 0.000000 4.584988
v -1.532235 0.000000 4.535012
v -1.317765 0.000000 4.394988
v -1.380235 0.000000 4.345012
v -1.469765 0.350000 4.584988
v -1.532235 0.350000 4.535012
v -1.317765 0.350000 4.394988
v -1.380235 0.350000 4.345012
v -1.309000 0.000000 4.370000
v -1.389000 0.000000 4.370000
v -1.309000 0.000000 -4.161000
v -1.389000 0.000000 -4.161000
v -1.309000 0.350000 4.370000
v -1.389000 0.350000 4.370000
v -1.309000 0.350000 -4.161000
v -1.389000 0.350000 -4.161000
v -1.311220 0.000000 -4.174141
v -1.386780 0.000000 -4.147859
v -1.463220 0.000000 -4.611141
v -1.538780 0.000000 -4.584859
v -1.311220 0.350000 -4.174141
v -1.386780 0.350000 -4.147859
v -1.463220 0.350000 -4.611141
v -1.538780 0.350000 -4.584859
v -1.468651 0.000000 -4.621527
v -1.533349 0.000000 -4.574473
v -1.620651 0.000000 -4.830527
v -1.685349 0.000000 -4.783473
v -1.468651 0.350000 -4.621527
v -1.533349 0.350000 -4.574473
v -1.620651 0.350000 -4.830527
v -1.685349 0.350000 -4.783473
v -1.626968 0.000000 -4.837370
v -1.679032 0.000000 -4.776630
v -2.025968 0.000000 -5.179370
v -2.078032 0.000000 -5.118630
v -1.626968 0.350000 -4.837370
v -1.679032 0.350000 -4.776630
v -2.025968 0.350000 -5.179370
v -2.078032 0.350000 -5.118630
v -2.038916 0.000000 -5.186799
v -2.065084 0.000000 -5.111201
v -2.532916 0.000000 -5.357799
v -2.559084 0.000000 -5.282201
v -2.038916 0.350000 -5.186799
v -2.065084 0.350000 -5.111201
v -2.532916 0.350000 -5.357799
v -2.559084 0.350000 -5.282201
v -2.546000 0.000000 -5.360000
v -2.546000 0.000000 -5.280000
v -2.926000 0.000000 -5.360000
v -2.926000 0.000000 -5.280000
v -2.546000 0.350000 -5.360000
v -2.546000 0.350000 -5.280000
v -2.926000 0.350000 -5.360000
v -2.926000 0.350000 -5.280000
v -2.929209 0.000000 -5.359871
v -2.922791 0.000000 -5.280129
v -9.066209 0.000000 -4.865871
v -9.059791 0.000000 -4.786129
v -2.929209 0.350000 -5.359871
v -2.922791 0.350000 -5.280129
v -9.066209 0.350000 -4.865871
v -9.059791 0.350000 -4.786129
v -9.091284 0.000000 -4.854284
v -9.034716 0.000000 -4.797716
v -9.129284 0.000000 -4.816284
v -9.072716 0.000000 -4.759716
v -9.091284 0.350000 -4.854284
v -9.034716 0.350000 -4.797716
v -9.129284 0.350000 -4.816284
v -9.072716 0.350000 -4.759716
v -9.141000 0.000000 -4.788000
v -9.061000 0.000000 -4.788000
v -9.141000 0.000000 -4.560000
v -9.061000 0.000000 -4.560000
v -9.141000 0.350000 -4.788000
v -9.061000 0.350000 -4.788000
v -9.141000 0.350000 -4.560000
v -9.061000 0.350000 -4.560000
v -9.129284 0.000000 -4.531716
v -9.072716 0.000000 -4.588284
v -9.091284 0.000000 -4.493716
v -9.034716 0.000000 -4.550284
v -9.129284 0.350000 -4.531716
v -9.072716 0.350000 -4.588284
v -9.091284 0.350000 -4.493716
v -9.034716 0.350000 -4.550284
v -9.063000 0.000000 -4.482000
v -9.063000 0.000000 -4.562000
v -2.717000 0.000000 -4.482000
v -2.717000 0.000000 -4.562000
v -9.063000 0.350000 -4.482000
v -9.063000 0.350000 -4.562000
v -2.717000 0.350000 -4.482000
v -2.717000 0.350000 -4.562000
v -2.727989 0.000000 -4.483539
v -2.706011 0.000000 -4.560461
v -2.461989 0.000000 -4.407539
v -2.440011 0.000000 -4.484461
v -2.727989 0.350000 -4.483539
v -2.706011 0.350000 -4.560461
v -2.461989 0.350000 -4.407539
v -2.440011 0.350000 -4.484461
v -2.477759 0.000000 -4.416268
v -2.424241 0.000000 -4.475732
v -2.287759 0.000000 -4.245268
v -2.234241 0.000000 -4.304732
v -2.477759 0.350000 -4.416268
v -2.424241 0.350000 -4.475732
v -2.287759 0.350000 -4.245268
v -2.234241 0.350000 -4.304732
v -2.297318 0.000000 -4.258238
v -2.224682 0.000000 -4.291762
v -2.183318 0.000000 -4.011238
v -2.110682 0.000000 -4.044762
v -2.297318 0.350000 -4.258238
v -2.224682 0.350000 -4.291762
v -2.183318 0.350000 -4.011238
v -2.110682 0.350000 -4.044762
v -2.187000 0.000000 -4.028000
v -2.107000 0.000000 -4.028000
v -2.187000 0.000000 4.332000
v -2.107000 0.000000 4.332000
v -2.187000 0.350000 -4.028000
v -2.107000 0.350000 -4.028000
v -2.187000 0.350000 4.332000
v -2.107000 0.350000 4.332000
v -2.182777 0.000000 4.349889
v -2.111223 0.000000 4.314111
v -2.125777 0.000000 4.463889
v -2.054223 0.000000 4.428111
v -2.182777 0.350000 4.349889
v -2.111223 0.350000 4.314111
v -2.125777 0.350000 4.463889
v -2.054223 0.350000 4.428111
v -2.115330 0.000000 4.476958
v -2.064670 0.000000 4.415042
v -1.906330 0.000000 4.647958
v -1.855670 0.000000 4.586042
v -2.115330 0.350000 4.476958
v -2.064670 0.350000 4.415042
v -1.906330 0.350000 4.647958
v -1.855670 0.350000 4.586042
v -1.884322 0.000000 4.656862
v -1.877678 0.000000 4.577138
v -1.656322 0.000000 4.675862
v -1.649678 0.000000 4.596138
v -1.884322 0.350000 4.656862
v -1.877678 0.350000 4.577138
v -1.656322 0.350000 4.675862
v -1.649678 0.350000 4.596138
v -1.635111 0.000000 4.671777
v -1.670889 0.000000 4.600223
v -1.483111 0.000000 4.595777
v -1.518889 0.000000 4.524223
v -1.635111 0.350000 4.671777
v -1.670889 0.350000 4.600223
v -1.483111 0.350000 4.595777
v -1.518889 0.350000 4.524223
v -11.932303 0.000000 2.262999
v -11.931697 0.000000 2.183001
v -9.424303 0.000000 2.281999
v -9.423697 0.000000 2.202001
v -11.932303 0.350000 2.262999
v -11.931697 0.350000 2.183001
v -9.424303 0.350000 2.281999
v -9.423697 0.350000 2.202001
v -9.395716 0.000000 2.270284
v -9.452284 0.000000 2.213716
v -9.357716 0.000000 2.232284
v -9.414284 0.000000 2.175716
v -9.395716 0.350000 2.270284
v -9.452284 0.350000 2.213716
v -9.357716 0.350000 2.232284
v -9.414284 0.350000 2.175716
v -9.346000 0.000000 2.204000
v -9.426000 0.000000 2.204000
v -9.346000 0.000000 -4.769000
v -9.426000 0.000000 -4.769000
v -9.346000 0.350000 2.204000
v -9.426000 0.350000 2.204000
v -9.346000 0.350000 -4.769000
v -9.426000 0.350000 -4.769000
v -9.357716 0.000000 -4.797284
v -9.414284 0.000000 -4.740716
v -9.395716 0.000000 -4.835284
v -9.452284 0.000000 -4.778716
v -9.357716 0.350000 -4.797284
v -9.414284 0.350000 -4.740716
v -9.395716 0.350000 -4.835284
v -9.452284 0.350000 -4.778716
v -9.427068 0.000000 -4.846882
v -9.420932 0.000000 -4.767118
v -11.897068 0.000000 -4.656882
v -11.890932 0.000000 -4.577118
v -9.427068 0.350000 -4.846882
v -9.420932 0.350000 -4.767118
v -11.897068 0.350000 -4.656882
v -11.890932 0.350000 -4.577118
v -11.912716 0.000000 -4.652352
v -11.875284 0.000000 -4.581648
v -12.235716 0.000000 -4.481352
v -12.198284 0.000000 -4.410648
v -11.912716 0.350000 -4.652352
v -11.875284 0.350000 -4.581648
v -12.235716 0.350000 -4.481352
v -12.198284 0.350000 -4.410648
v -12.249549 0.000000 -4.469250
v -12.184451 0.000000 -4.422750
v -12.439549 0.000000 -4.203250
v -12.374451 0.000000 -4.156750
v -12.249549 0.350000 -4.469250
v -12.184451 0.350000 -4.422750
v -12.439549 0.350000 -4.203250
v -12.374451 0.350000 -4.156750
v -12.445806 0.000000 -4.189701
v -12.368194 0.000000 -4.170299
v -12.483806 0.000000 -4.037701
v -12.406194 0.000000 -4.018299
v -12.445806 0.350000 -4.189701
v -12.368194 0.350000 -4.170299
v -12.483806 0.350000 -4.037701
v -12.406194 0.350000 -4.018299
v -12.485000 0.000000 -4.028000
v -12.405000 0.000000 -4.028000
v -12.485000 0.000000 1.634000
v -12.405000 0.000000 1.634000
v -12.485000 0.350000 -4.028000
v -12.405000 0.350000 -4.028000
v -12.485000 0.350000 1.634000
v -12.405000 0.350000 1.634000
v -12.481987 0.000000 1.649230
v -12.408013 0.000000 1.618770
v -12.348987 0.000000 1.972230
v -12.275013 0.000000 1.941770
v -12.481987 0.350000 1.649230
v -12.408013 0.350000 1.618770
v -12.348987 0.350000 1.972230
v -12.275013 0.350000 1.941770
v -12.338907 0.000000 1.986598
v -12.285093 0.000000 1.927402
v -12.129907 0.000000 2.176598
v -12.076093 0.000000 2.117402
v -12.338907 0.350000 1.986598
v -12.285093 0.350000 1.927402
v -12.129907 0.350000 2.176598
v -12.076093 0.350000 2.117402
v -12.119246 0.000000 2.183552
v -12.086754 0.000000 2.110448
v -11.948246 0.000000 2.259552
v -11.915754 0.000000 2.186448
v -12.119246 0.350000 2.183552
v -12.086754 0.350000 2.110448
v -11.948246 0.350000 2.259552
v -11.915754 0.350000 2.186448
v -14.590000 0.000000 -0.190000
v -14.670000 0.000000 -0.190000
v -14.590000 0.000000 -4.218000
v -14.670000 0.000000 -4.218000
v -14.590000 0.350000 -0.190000
v -14.670000 0.350000 -0.190000
v -14.590000 0.350000 -4.218000
v -14.670000 0.350000 -4.218000
v -14.590830 0.000000 -4.209896
v -14.669170 0.000000 -4.226104
v -14.476830 0.000000 -4.760896
v -14.555170 0.000000 -4.777104
v -14.590830 0.350000 -4.209896
v -14.669170 0.350000 -4.226104
v -14.476830 0.350000 -4.760896
v -14.555170 0.350000 -4.777104
v -14.478750 0.000000 -4.754424
v -14.553250 0.000000 -4.783576
v -14.307750 0.000000 -5.191424
v -14.382250 0.000000 -5.220576
v -14.478750 0.350000 -4.754424
v -14.553250 0.350000 -4.783576
v -14.307750 0.350000 -5.191424
v -14.382250 0.350000 -5.220576
v -14.310700 0.000000 -5.185420
v -14.379300 0.000000 -5.226580
v -14.082700 0.000000 -5.565420
v -14.151300 0.000000 -5.606580
v -14.310700 0.350000 -5.185420
v -14.379300 0.350000 -5.226580
v -14.082700 0.350000 -5.565420
v -14.151300 0.350000 -5.606580
v -14.086971 0.000000 -5.559575
v -14.147029 0.000000 -5.612425
v -13.668971 0.000000 -6.034575
v -13.729029 0.000000 -6.087425
v -14.086971 0.350000 -5.559575
v -14.147029 0.350000 -5.612425
v -13.668971 0.350000 -6.034575
v -13.729029 0.350000 -6.087425
v -13.674012 0.000000 -6.029765
v -13.723988 0.000000 -6.092235
v -13.389012 0.000000 -6.257765
v -13.438988 0.000000 -6.320235
v -13.674012 0.350000 -6.029765
v -13.723988 0.350000 -6.092235
v -13.389012 0.350000 -6.257765
v -13.438988 0.350000 -6.320235
v -13.393651 0.000000 -6.254563
v -13.434349 0.000000 -6.323437
v -12.975651 0.000000 -6.501563
v -13.016349 0.000000 -6.570437
v -13.393651 0.350000 -6.254563
v -13.434349 0.350000 -6.323437
v -12.975651 0.350000 -6.501563
v -13.016349 0.350000 -6.570437
v -12.982547 0.000000 -6.498330
v -13.009453 0.000000 -6.573670
v -12.450547 0.000000 -6.688330
v -12.477453 0.000000 -6.763670
v -12.982547 0.350000 -6.498330
v -13.009453 0.350000 -6.573670
v -12.450547 0.350000 -6.688330
v -12.477453 0.350000 -6.763670
v -12.457146 0.000000 -6.686592
v -12.470854 0.000000 -6.765408
v -12.020146 0.000000 -6.762592
v -12.033854 0.000000 -6.841408
v -12.457146 0.350000 -6.686592
v -12.470854 0.350000 -6.765408
v -12.020146 0.350000 -6.762592
v -12.033854 0.350000 -6.841408
v -12.027000 0.000000 -6.762000
v -12.027000 0.000000 -6.842000
v -10.963000 0.000000 -6.762000
v -10.963000 0.000000 -6.842000
v -12.027000 0.350000 -6.762000
v -12.027000 0.350000 -6.842000
v -10.963000 0.350000 -6.762000
v -10.963000 0.350000 -6.842000
v -11.003000 0.000000 -6.802000
v -10.923000 0.000000 -6.802000
v -11.003000 0.000000 -6.517000
v -10.923000 0.000000 -6.517000
v -11.003000 0.350000 -6.802000
v -10.923000 0.350000 -6.802000
v -11.003000 0.350000 -6.517000
v -10.923000 0.350000 -6.517000
v -10.963000 0.000000 -6.557000
v -10.963000 0.000000 -6.477000
v -11.989000 0.000000 -6.557000
v -11.989000 0.000000 -6.477000
v -10.963000 0.350000 -6.557000
v -10.963000 0.350000 -6.477000
v -11.989000 0.350000 -6.557000
v -11.989000 0.350000 -6.477000
v -11.996845 0.000000 -6.556223
v -11.981155 0.000000 -6.477777
v -12.566845 0.000000 -6.442223
v -12.551155 0.000000 -6.363777
v -11.996845 0.350000 -6.556223
v -11.981155 0.350000 -6.477777
v -12.566845 0.350000 -6.442223
v -12.551155 0.350000 -6.363777
v -12.574757 0.000000 -6.439766
v -12.543243 0.000000 -6.366234
v -12.973757 0.000000 -6.268766
v -12.942243 0.000000 -6.195234
v -12.574757 0.350000 -6.439766
v -12.543243 0.350000 -6.366234
v -12.973757 0.350000 -6.268766
v -12.942243 0.350000 -6.195234
v -12.981250 0.000000 -6.264549
v -12.934750 0.000000 -6.199451
v -13.513250 0.000000 -5.884549
v -13.466750 0.000000 -5.819451
v -12.981250 0.350000 -6.264549
v -12.934750 0.350000 -6.199451
v -13.513250 0.350000 -5.884549
v -13.466750 0.350000 -5.819451
v -13.519081 0.000000 -5.879465
v -13.460919 0.000000 -5.824535
v -13.842081 0.000000 -5.537465
v -13.783919 0.000000 -5.482535
v -13.519081 0.350000 -5.879465
v -13.460919 0.350000 -5.824535
v -13.842081 0.350000 -5.537465
v -13.783919 0.350000 -5.482535
v -13.846538 0.000000 -5.531800
v -13.779462 0.000000 -5.488200
v -14.093538 0.000000 -5.151800
v -14.026462 0.000000 -5.108200
v -13.846538 0.350000 -5.531800
v -13.779462 0.350000 -5.488200
v -14.093538 0.350000 -5.151800
v -14.026462 0.350000 -5.108200
v -14.097453 0.000000 -5.144045
v -14.022547 0.000000 -5.115955
v -14.325453 0.000000 -4.536045
v -14.250547 0.000000 -4.507955
v -14.097453 0.350000 -5.144045
v -14.022547 0.350000 -5.115955
v -14.325453 0.350000 -4.536045
v -14.250547 0.350000 -4.507955
v -14.327511 0.000000 -4.528239
v -14.248489 0.000000 -4.515761
v -14.384511 0.000000 -4.167239
v -14.305489 0.000000 -4.154761
v -14.327511 0.350000 -4.528239
v -14.248489 0.350000 -4.515761
v -14.384511 0.350000 -4.167239
v -14.305489 0.350000 -4.154761
v -14.385000 0.000000 -4.161000
v -14.305000 0.000000 -4.161000
v -14.385000 0.000000 -0.190000
v -14.305000 0.000000 -0.190000
v -14.385000 0.350000 -4.161000
v -14.305000 0.350000 -4.161000
v -14.385000 0.350000 -0.190000
v -14.305000 0.350000 -0.190000
v -14.345000 0.000000 -0.230000
v -14.345000 0.000000 -0.150000
v -14.630000 0.000000 -0.230000
v -14.630000 0.000000 -0.150000
v -14.345000 0.350000 -0.230000
v -14.345000 0.350000 -0.150000
v -14.630000 0.350000 -0.230000
v -14.630000 0.350000 -0.150000
v -4.446000 0.000000 1.252000
v -4.446000 0.000000 1.332000
v -4.731000 0.000000 1.252000
v -4.731000 0.000000 1.332000
v -4.446000 0.350000 1.252000
v -4.446000 0.350000 1.332000
v -4.731000 0.350000 1.252000
v -4.731000 0.350000 1.332000
v -4.691000 0.000000 1.292000
v -4.771000 0.000000 1.292000
v -4.691000 0.000000 -0.152000
v -4.771000 0.000000 -0.152000
v -4.691000 0.350000 1.292000
v -4.771000 0.350000 1.292000
v -4.691000 0.350000 -0.152000
v -4.771000 0.350000 -0.152000
v -4.702716 0.000000 -0.180284
v -4.759284 0.000000 -0.123716
v -4.740716 0.000000 -0.218284
v -4.797284 0.000000 -0.161716
v -4.702716 0.350000 -0.180284
v -4.759284 0.350000 -0.123716
v -4.740716 0.350000 -0.218284
v -4.797284 0.350000 -0.161716
v -4.790360 0.000000 -0.223820
v -4.747640 0.000000 -0.156180
v -5.151360 0.000000 0.004180
v -5.108640 0.000000 0.071820
v -4.790360 0.350000 -0.223820
v -4.747640 0.350000 -0.156180
v -5.151360 0.350000 0.004180
v -5.108640 0.350000 0.071820
v -5.133621 0.000000 -0.001836
v -5.126379 0.000000 0.077836
v -5.551621 0.000000 0.036164
v -5.544379 0.000000 0.115836
v -5.133621 0.350000 -0.001836
v -5.126379 0.350000 0.077836
v -5.551621 0.350000 0.036164
v -5.544379 0.350000 0.115836
v -5.536506 0.000000 0.037687
v -5.559494 0.000000 0.114313
v -5.916506 0.000000 -0.076313
v -5.939494 0.000000 0.000313
v -5.536506 0.350000 0.037687
v -5.559494 0.350000 0.114313
v -5.916506 0.350000 -0.076313
v -5.939494 0.350000 0.000313
v -5.899716 0.000000 -0.066284
v -5.956284 0.000000 -0.009716
v -6.298716 0.000000 -0.465284
v -6.355284 0.000000 -0.408716
v -5.899716 0.350000 -0.066284
v -5.956284 0.350000 -0.009716
v -6.298716 0.350000 -0.465284
v -6.355284 0.350000 -0.408716
v -6.288409 0.000000 -0.447525
v -6.365591 0.000000 -0.426475
v -6.402409 0.000000 -0.865525
v -6.479591 0.000000 -0.844475
v -6.288409 0.350000 -0.447525
v -6.365591 0.350000 -0.426475
v -6.402409 0.350000 -0.865525
v -6.479591 0.350000 -0.844475
v -6.401245 0.000000 -0.850583
v -6.480755 0.000000 -0.859417
v -6.363245 0.000000 -1.192583
v -6.442755 0.000000 -1.201417
v -6.401245 0.350000 -0.850583
v -6.480755 0.350000 -0.859417
v -6.363245 0.350000 -1.192583
v -6.442755 0.350000 -1.201417
v -6.367603 0.000000 -1.178370
v -6.438397 0.000000 -1.215630
v -6.177603 0.000000 -1.539370
v -6.248397 0.000000 -1.576630
v -6.367603 0.350000 -1.178370
v -6.438397 0.350000 -1.215630
v -6.177603 0.350000 -1.539370
v -6.248397 0.350000 -1.576630
v -6.187776 0.000000 -1.526955
v -6.238224 0.000000 -1.589045
v -5.883776 0.000000 -1.773955
v -5.934224 0.000000 -1.836045
v -6.187776 0.350000 -1.526955
v -6.238224 0.350000 -1.589045
v -5.883776 0.350000 -1.773955
v -5.934224 0.350000 -1.836045
v -5.899299 0.000000 -1.766194
v -5.918701 0.000000 -1.843806
v -5.443299 0.000000 -1.880194
v -5.462701 0.000000 -1.957806
v -5.899299 0.350000 -1.766194
v -5.918701 0.350000 -1.843806
v -5.443299 0.350000 -1.880194
v -5.462701 0.350000 -1.957806
v -5.459576 0.000000 -1.879544
v -5.446424 0.000000 -1.958456
v -5.117576 0.000000 -1.822544
v -5.104424 0.000000 -1.901456
v -5.459576 0.350000 -1.879544
v -5.446424 0.350000 -1.958456
v -5.117576 0.350000 -1.822544
v -5.104424 0.350000 -1.901456
v -5.129824 0.000000 -1.826706
v -5.092176 0.000000 -1.897294
v -4.844824 0.000000 -1.674706
v -4.807176 0.000000 -1.745294
v -5.129824 0.350000 -1.826706
v -5.092176 0.350000 -1.897294
v -4.844824 0.350000 -1.674706
v -4.807176 0.350000 -1.745294
v -4.854284 0.000000 -1.681716
v -4.797716 0.000000 -1.738284
v -4.683284 0.000000 -1.510716
v -4.626716 0.000000 -1.567284
v -4.854284 0.350000 -1.681716
v -4.797716 0.350000 -1.738284
v -4.683284 0.350000 -1.510716
v -4.626716 0.350000 -1.567284
v -4.689551 0.000000 -1.518845
v -4.620449 0.000000 -1.559155
v -4.556551 0.000000 -1.290845
v -4.487449 0.000000 -1.331155
v -4.689551 0.350000 -1.518845
v -4.620449 0.350000 -1.559155
v -4.556551 0.350000 -1.290845
v -4.487449 0.350000 -1.331155
v -4.560806 0.000000 -1.301299
v -4.483194 0.000000 -1.320701
v -4.484806 0.000000 -0.997299
v -4.407194 0.000000 -1.016701
v -4.560806 0.350000 -1.301299
v -4.483194 0.350000 -1.320701
v -4.484806 0.350000 -0.997299
v -4.407194 0.350000 -1.016701
v -4.486000 0.000000 -1.007000
v -4.406000 0.000000 -1.007000
v -4.486000 0.000000 1.292000
v -4.406000 0.000000 1.292000
v -4.486000 0.350000 -1.007000
v -4.406000 0.350000 -1.007000
v -4.486000 0.350000 1.292000
v -4.406000 0.350000 1.292000
v -5.708677 0.000000 -0.207953
v -5.691323 0.000000 -0.286047
v -5.537677 0.000000 -0.169953
v -5.520323 0.000000 -0.248047
v -5.708677 0.350000 -0.207953
v -5.691323 0.350000 -0.286047
v -5.537677 0.350000 -0.169953
v -5.520323 0.350000 -0.248047
v -5.524583 0.000000 -0.169245
v -5.533417 0.000000 -0.248755
v -5.182583 0.000000 -0.207245
v -5.191417 0.000000 -0.286755
v -5.524583 0.350000 -0.169245
v -5.533417 0.350000 -0.248755
v -5.182583 0.350000 -0.207245
v -5.191417 0.350000 -0.286755
v -5.163750 0.000000 -0.214451
v -5.210250 0.000000 -0.279549
v -4.897750 0.000000 -0.404451
v -4.944250 0.000000 -0.469549
v -5.163750 0.350000 -0.214451
v -5.210250 0.350000 -0.279549
v -4.897750 0.350000 -0.404451
v -4.944250 0.350000 -0.469549
v -4.886934 0.000000 -0.416036
v -4.955066 0.000000 -0.457964
v -4.734934 0.000000 -0.663036
v -4.803066 0.000000 -0.704964
v -4.886934 0.350000 -0.416036
v -4.955066 0.350000 -0.457964
v -4.734934 0.350000 -0.663036
v -4.803066 0.350000 -0.704964
v -4.729953 0.000000 -0.675323
v -4.808047 0.000000 -0.692677
v -4.691953 0.000000 -0.846323
v -4.770047 0.000000 -0.863677
v -4.729953 0.350000 -0.675323
v -4.808047 0.350000 -0.692677
v -4.691953 0.350000 -0.846323
v -4.770047 0.350000 -0.863677
v -4.691309 0.000000 -0.859961
v -4.770691 0.000000 -0.850039
v -4.729309 0.000000 -1.163961
v -4.808691 0.000000 -1.154039
v -4.691309 0.350000 -0.859961
v -4.770691 0.350000 -0.850039
v -4.729309 0.350000 -1.163961
v -4.808691 0.350000 -1.154039
v -4.733223 0.000000 -1.176889
v -4.804777 0.000000 -1.141111
v -4.809223 0.000000 -1.328889
v -4.880777 0.000000 -1.293111
v -4.733223 0.350000 -1.176889
v -4.804777 0.350000 -1.141111
v -4.809223 0.350000 -1.328889
v -4.880777 0.350000 -1.293111
v -4.816716 0.000000 -1.339284
v -4.873284 0.000000 -1.282716
v -5.006716 0.000000 -1.529284
v -5.063284 0.000000 -1.472716
v -4.816716 0.350000 -1.339284
v -4.873284 0.350000 -1.282716
v -5.006716 0.350000 -1.529284
v -5.063284 0.350000 -1.472716
v -5.017111 0.000000 -1.536777
v -5.052889 0.000000 -1.465223
v -5.207111 0.000000 -1.631777
v -5.242889 0.000000 -1.560223
v -5.017111 0.350000 -1.536777
v -5.052889 0.350000 -1.465223
v -5.207111 0.350000 -1.631777
v -5.242889 0.350000 -1.560223
v -5.225000 0.000000 -1.636000
v -5.225000 0.000000 -1.556000
v -5.662000 0.000000 -1.636000
v -5.662000 0.000000 -1.556000
v -5.225000 0.350000 -1.636000
v -5.225000 0.350000 -1.556000
v -5.662000 0.350000 -1.636000
v -5.662000 0.350000 -1.556000
v -5.679889 0.000000 -1.631777
v -5.644111 0.000000 -1.560223
v -5.869889 0.000000 -1.536777
v -5.834111 0.000000 -1.465223
v -5.679889 0.350000 -1.631777
v -5.644111 0.350000 -1.560223
v -5.869889 0.350000 -1.536777
v -5.834111 0.350000 -1.465223
v -5.880284 0.000000 -1.529284
v -5.823716 0.000000 -1.472716
v -6.051284 0.000000 -1.358284
v -5.994716 0.000000 -1.301716
v -5.880284 0.350000 -1.529284
v -5.823716 0.350000 -1.472716
v -6.051284 0.350000 -1.358284
v -5.994716 0.350000 -1.301716
v -6.057966 0.000000 -1.349426
v -5.988034 0.000000 -1.310574
v -6.152966 0.000000 -1.178426
v -6.083034 0.000000 -1.139574
v -6.057966 0.350000 -1.349426
v -5.988034 0.350000 -1.310574
v -6.152966 0.350000 -1.178426
v -6.083034 0.350000 -1.139574
v -6.157355 0.000000 -1.166155
v -6.078645 0.000000 -1.151845
v -6.195355 0.000000 -0.957155
v -6.116645 0.000000 -0.942845
v -6.157355 0.350000 -1.166155
v -6.078645 0.350000 -1.151845
v -6.195355 0.350000 -0.957155
v -6.116645 0.350000 -0.942845
v -6.195598 0.000000 -0.944343
v -6.116402 0.000000 -0.955657
v -6.157598 0.000000 -0.678343
v -6.078402 0.000000 -0.689657
v -6.195598 0.350000 -0.944343
v -6.116402 0.350000 -0.955657
v -6.157598 0.350000 -0.678343
v -6.078402 0.350000 -0.689657
v -6.152066 0.000000 -0.663036
v -6.083934 0.000000 -0.704964
v -6.000066 0.000000 -0.416036
v -5.931934 0.000000 -0.457964
v -6.152066 0.350000 -0.663036
v -6.083934 0.350000 -0.704964
v -6.000066 0.350000 -0.416036
v -5.931934 0.350000 -0.457964
v -5.989250 0.000000 -0.404451
v -5.942750 0.000000 -0.469549
v -5.723250 0.000000 -0.214451
v -5.676750 0.000000 -0.279549
v -5.989250 0.350000 -0.404451
v -5.942750 0.350000 -0.469549
v -5.723250 0.350000 -0.214451
v -5.676750 0.350000 -0.279549
v -11.778000 0.000000 4.370000
v -11.858000 0.000000 4.370000
v -11.778000 0.000000 4.085000
v -11.858000 0.000000 4.085000
v -11.778000 0.350000 4.370000
v -11.858000 0.350000 4.370000
v -11.778000 0.350000 4.085000
v -11.858000 0.350000 4.085000
v -11.818000 0.000000 4.125000
v -11.818000 0.000000 4.045000
v -11.533000 0.000000 4.125000
v -11.533000 0.000000 4.045000
v -11.818000 0.350000 4.125000
v -11.818000 0.350000 4.045000
v -11.533000 0.350000 4.125000
v -11.533000 0.350000 4.045000
v -11.573000 0.000000 4.085000
v -11.493000 0.000000 4.085000
v -11.573000 0.000000 4.370000
v -11.493000 0.000000 4.370000
v -11.573000 0.350000 4.085000
v -11.493000 0.350000 4.085000
v -11.573000 0.350000 4.370000
v -11.493000 0.350000 4.370000
v -11.533000 0.000000 4.330000
v -11.533000 0.000000 4.410000
v -11.818000 0.000000 4.330000
v -11.818000 0.000000 4.410000
v -11.533000 0.350000 4.330000
v -11.533000 0.350000 4.410000
v -11.818000 0.350000 4.330000
v -11.818000 0.350000 4.410000
v -4.691000 0.000000 3.591000
v -4.771000 0.000000 3.591000
v -4.691000 0.000000 3.306000
v -4.771000 0.000000 3.306000
v -4.691000 0.350000 3.591000
v -4.771000 0.350000 3.591000
v -4.691000 0.350000 3.306000
v -4.771000 0.350000 3.306000
v -4.731000 0.000000 3.346000
v -4.731000 0.000000 3.266000
v -4.446000 0.000000 3.346000
v -4.446000 0.000000 3.266000
v -4.731000 0.350000 3.346000
v -4.731000 0.350000 3.266000
v -4.446000 0.350000 3.346000
v -4.446000 0.350000 3.266000
v -4.486000 0.000000 3.306000
v -4.406000 0.000000 3.306000
v -4.486000 0.000000 3.591000
v -4.406000 0.000000 3.591000
v -4.486000 0.350000 3.306000
v -4.406000 0.350000 3.306000
v -4.486000 0.350000 3.591000
v -4.406000 0.350000 3.591000
v -4.446000 0.000000 3.551000
v -4.446000 0.000000 3.631000
v -4.731000 0.000000 3.551000
v -4.731000 0.000000 3.631000
v -4.446000 0.350000 3.551000
v -4.446000 0.350000 3.631000
v -4.731000 0.350000 3.551000
v -4.731000 0.350000 3.631000
v -12.975000 0.000000 6.232000
v -13.055000 0.000000 6.232000
v -12.975000 0.000000 5.947000
v -13.055000 0.000000 5.947000
v -12.975000 0.350000 6.232000
v -13.055000 0.350000 6.232000
v -12.975000 0.350000 5.947000
v -13.055000 0.350000 5.947000
v -13.015000 0.000000 5.987000
v -13.015000 0.000000 5.907000
v -12.730000 0.000000 5.987000
v -12.730000 0.000000 5.907000
v -13.015000 0.350000 5.987000
v -13.015000 0.350000 5.907000
v -12.730000 0.350000 5.987000
v -12.730000 0.350000 5.907000
v -12.770000 0.000000 5.947000
v -12.690000 0.000000 5.947000
v -12.770000 0.000000 6.232000
v -12.690000 0.000000 6.232000
v -12.770000 0.350000 5.947000
v -12.690000 0.350000 5.947000
v -12.770000 0.350000 6.232000
v -12.690000 0.350000 6.232000
v -12.730000 0.000000 6.192000
v -12.730000 0.000000 6.272000
v -13.015000 0.000000 6.192000
v -13.015000 0.000000 6.272000
v -12.730000 0.350000 6.192000
v -12.730000 0.350000 6.272000
v -13.015000 0.350000 6.192000
v -13.015000 0.350000 6.272000
v -9.479000 0.000000 -6.517000
v -9.559000 0.000000 -6.517000
v -9.479000 0.000000 -6.802000
v -9.559000 0.000000 -6.802000
v -9.479000 0.350000 -6.517000
v -9.559000 0.350000 -6.517000
v -9.479000 0.350000 -6.802000
v -9.559000 0.350000 -6.802000
v -9.519000 0.000000 -6.762000
v -9.519000 0.000000 -6.842000
v -9.253000 0.000000 -6.762000
v -9.253000 0.000000 -6.842000
v -9.519000 0.350000 -6.762000
v -9.519000 0.350000 -6.842000
v -9.253000 0.350000 -6.762000
v -9.253000 0.350000 -6.842000
v -9.293000 0.000000 -6.802000
v -9.213000 0.000000 -6.802000
v -9.293000 0.000000 -6.517000
v -9.213000 0.000000 -6.517000
v -9.293000 0.350000 -6.802000
v -9.213000 0.350000 -6.802000
v -9.293000 0.350000 -6.517000
v -9.213000 0.350000 -6.517000
v -9.253000 0.000000 -6.557000
v -9.253000 0.000000 -6.477000
v -9.519000 0.000000 -6.557000
v -9.519000 0.000000 -6.477000
v -9.253000 0.350000 -6.557000
v -9.253000 0.350000 -6.477000
v -9.519000 0.350000 -6.557000
v -9.519000 0.350000 -6.477000
v -9.479000 0.000000 4.370000
v -9.559000 0.000000 4.370000
v -9.479000 0.000000 4.085000
v -9.559000 0.000000 4.085000
v -9.479000 0.350000 4.370000
v -9.559000 0.350000 4.370000
v -9.479000 0.350000 4.085000
v -9.559000 0.350000 4.085000
v -9.519000 0.000000 4.125000
v -9.519000 0.000000 4.045000
v -9.253000 0.000000 4.125000
v -9.253000 0.000000 4.045000
v -9.519000 0.350000 4.125000
v -9.519000 0.350000 4.045000
v -9.253000 0.350000 4.125000
v -9.253000 0.350000 4.045000
v -9.293000 0.000000 4.085000
v -9.213000 0.000000 4.085000
v -9.293000 0.000000 4.370000
v -9.213000 0.000000 4.370000
v -9.293000 0.350000 4.085000
v -9.213000 0.350000 4.085000
v -9.293000 0.350000 4.370000
v -9.213000 0.350000 4.370000
v -9.253000 0.000000 4.330000
v -9.253000 0.000000 4.410000
v -9.519000 0.000000 4.330000
v -9.519000 0.000000 4.410000
v -9.253000 0.350000 4.330000
v -9.253000 0.350000 4.410000
v -9.519000 0.350000 4.330000
v -9.519000 0.350000 4.410000
v -12.348000 0.000000 4.370000
v -12.428000 0.000000 4.370000
v -12.348000 0.000000 4.085000
v -12.428000 0.000000 4.085000
v -12.348000 0.350000 4.370000
v -12.428000 0.350000 4.370000
v -12.348000 0.350000 4.085000
v -12.428000 0.350000 4.085000
v -12.388000 0.000000 4.125000
v -12.388000 0.000000 4.045000
v -12.122000 0.000000 4.125000
v -12.122000 0.000000 4.045000
v -12.388000 0.350000 4.125000
v -12.388000 0.350000 4.045000
v -12.122000 0.350000 4.125000
v -12.122000 0.350000 4.045000
v -12.162000 0.000000 4.085000
v -12.082000 0.000000 4.085000
v -12.162000 0.000000 4.370000
v -12.082000 0.000000 4.370000
v -12.162000 0.350000 4.085000
v -12.082000 0.350000 4.085000
v -12.162000 0.350000 4.370000
v -12.082000 0.350000 4.370000
v -12.122000 0.000000 4.330000
v -12.122000 0.000000 4.410000
v -12.388000 0.000000 4.330000
v -12.388000 0.000000 4.410000
v -12.122000 0.350000 4.330000
v -12.122000 0.350000 4.410000
v -12.388000 0.350000 4.330000
v -12.388000 0.350000 4.410000
v -12.918000 0.000000 4.370000
v -12.998000 0.000000 4.370000
v -12.918000 0.000000 4.085000
v -12.998000 0.000000 4.085000
v -12.918000 0.350000 4.370000
v -12.998000 0.350000 4.370000
v -12.918000 0.350000 4.085000
v -12.998000 0.350000 4.085000
v -12.958000 0.000000 4.125000
v -12.958000 0.000000 4.045000
v -12.692000 0.000000 4.125000
v -12.692000 0.000000 4.045000
v -12.958000 0.350000 4.125000
v -12.958000 0.350000 4.045000
v -12.692000 0.350000 4.125000
v -12.692000 0.350000 4.045000
v -12.732000 0.000000 4.085000
v -12.652000 0.000000 4.085000
v -12.732000 0.000000 4.370000
v -12.652000 0.000000 4.370000
v -12.732000 0.350000 4.085000
v -12.652000 0.350000 4.085000
v -12.732000 0.350000 4.370000
v -12.652000 0.350000 4.370000
v -12.692000 0.000000 4.330000
v -12.692000 0.000000 4.410000
v -12.958000 0.000000 4.330000
v -12.958000 0.000000 4.410000
v -12.692000 0.350000 4.330000
v -12.692000 0.350000 4.410000
v -12.958000 0.350000 4.330000
v -12.958000 0.350000 4.410000
v -10.049000 0.000000 -6.517000
v -10.129000 0.000000 -6.517000
v -10.049000 0.000000 -6.802000
v -10.129000 0.000000 -6.802000
v -10.049000 0.350000 -6.517000
v -10.129000 0.350000 -6.517000
v -10.049000 0.350000 -6.802000
v -10.129000 0.350000 -6.802000
v -10.089000 0.000000 -6.762000
v -10.089000 0.000000 -6.842000
v -9.823000 0.000000 -6.762000
v -9.823000 0.000000 -6.842000
v -10.089000 0.350000 -6.762000
v -10.089000 0.350000 -6.842000
v -9.823000 0.350000 -6.762000
v -9.823000 0.350000 -6.842000
v -9.863000 0.000000 -6.802000
v -9.783000 0.000000 -6.802000
v -9.863000 0.000000 -6.517000
v -9.783000 0.000000 -6.517000
v -9.863000 0.350000 -6.802000
v -9.783000 0.350000 -6.802000
v -9.863000 0.350000 -6.517000
v -9.783000 0.350000 -6.517000
v -9.823000 0.000000 -6.557000
v -9.823000 0.000000 -6.477000
v -10.089000 0.000000 -6.557000
v -10.089000 0.000000 -6.477000
v -9.823000 0.350000 -6.557000
v -9.823000 0.350000 -6.477000
v -10.089000 0.350000 -6.557000
v -10.089000 0.350000 -6.477000
v -10.619000 0.000000 -6.517000
v -10.699000 0.000000 -6.517000
v -10.619000 0.000000 -6.802000
v -10.699000 0.000000 -6.802000
v -10.619000 0.350000 -6.517000
v -10.699000 0.350000 -6.517000
v -10.619000 0.350000 -6.802000
v -10.699000 0.350000 -6.802000
v -10.659000 0.000000 -6.762000
v -10.659000 0.000000 -6.842000
v -10.393000 0.000000 -6.762000
v -10.393000 0.000000 -6.842000
v -10.659000 0.350000 -6.762000
v -10.659000 0.350000 -6.842000
v -10.393000 0.350000 -6.762000
v -10.393000 0.350000 -6.842000
v -10.433000 0.000000 -6.802000
v -10.353000 0.000000 -6.802000
v -10.433000 0.000000 -6.517000
v -10.353000 0.000000 -6.517000
v -10.433000 0.350000 -6.802000
v -10.353000 0.350000 -6.802000
v -10.433000 0.350000 -6.517000
v -10.353000 0.350000 -6.517000
v -10.393000 0.000000 -6.557000
v -10.393000 0.000000 -6.477000
v -10.659000 0.000000 -6.557000
v -10.659000 0.000000 -6.477000
v -10.393000 0.350000 -6.557000
v -10.393000 0.350000 -6.477000
v -10.659000 0.350000 -6.557000
v -10.659000 0.350000 -6.477000
v -14.590000 0.000000 0.380000
v -14.670000 0.000000 0.380000
v -14.590000 0.000000 0.114000
v -14.670000 0.000000 0.114000
v -14.590000 0.350000 0.380000
v -14.670000 0.350000 0.380000
v -14.590000 0.350000 0.114000
v -14.670000 0.350000 0.114000
v -14.630000 0.000000 0.154000
v -14.630000 0.000000 0.074000
v -14.345000 0.000000 0.154000
v -14.345000 0.000000 0.074000
v -14.630000 0.350000 0.154000
v -14.630000 0.350000 0.074000
v -14.345000 0.350000 0.154000
v -14.345000 0.350000 0.074000
v -14.385000 0.000000 0.114000
v -14.305000 0.000000 0.114000
v -14.385000 0.000000 0.380000
v -14.305000 0.000000 0.380000
v -14.385000 0.350000 0.114000
v -14.305000 0.350000 0.114000
v -14.385000 0.350000 0.380000
v -14.305000 0.350000 0.380000
v -14.345000 0.000000 0.340000
v -14.345000 0.000000 0.420000
v -14.630000 0.000000 0.340000
v -14.630000 0.000000 0.420000
v -14.345000 0.350000 0.340000
v -14.345000 0.350000 0.420000
v -14.630000 0.350000 0.340000
v -14.630000 0.350000 0.420000
v -14.590000 0.000000 0.950000
v -14.670000 0.000000 0.950000
v -14.590000 0.000000 0.684000
v -14.670000 0.000000 0.684000
v -14.590000 0.350000 0.950000
v -14.670000 0.350000 0.950000
v -14.590000 0.350000 0.684000
v -14.670000 0.350000 0.684000
v -14.630000 0.000000 0.724000
v -14.630000 0.000000 0.644000
v -14.345000 0.000000 0.724000
v -14.345000 0.000000 0.644000
v -14.630000 0.350000 0.724000
v -14.630000 0.350000 0.644000
v -14.345000 0.350000 0.724000
v -14.345000 0.350000 0.644000
v -14.385000 0.000000 0.684000
v -14.305000 0.000000 0.684000
v -14.385000 0.000000 0.950000
v -14.305000 0.000000 0.950000
v -14.385000 0.350000 0.684000
v -14.305000 0.350000 0.684000
v -14.385000 0.350000 0.950000
v -14.305000 0.350000 0.950000
v -14.345000 0.000000 0.910000
v -14.345000 0.000000 0.990000
v -14.630000 0.000000 0.910000
v -14.630000 0.000000 0.990000
v -14.345000 0.350000 0.910000
v -14.345000 0.350000 0.990000
v -14.630000 0.350000 0.910000
v -14.630000 0.350000 0.990000
v -14.590000 0.000000 1.520000
v -14.670000 0.000000 1.520000
v -14.590000 0.000000 1.254000
v -14.670000 0.000000 1.254000
v -14.590000 0.350000 1.520000
v -14.670000 0.350000 1.520000
v -14.590000 0.350000 1.254000
v -14.670000 0.350000 1.254000
v -14.630000 0.000000 1.294000
v -14.630000 0.000000 1.214000
v -14.345000 0.000000 1.294000
v -14.345000 0.000000 1.214000
v -14.630000 0.350000 1.294000
v -14.630000 0.350000 1.214000
v -14.345000 0.350000 1.294000
v -14.345000 0.350000 1.214000
v -14.385000 0.000000 1.254000
v -14.305000 0.000000 1.254000
v -14.385000 0.000000 1.520000
v -14.305000 0.000000 1.520000
v -14.385000 0.350000 1.254000
v -14.305000 0.350000 1.254000
v -14.385000 0.350000 1.520000
v -14.305000 0.350000 1.520000
v -14.345000 0.000000 1.480000
v -14.345000 0.000000 1.560000
v -14.630000 0.000000 1.480000
v -14.630000 0.000000 1.560000
v -14.345000 0.350000 1.480000
v -14.345000 0.350000 1.560000
v -14.630000 0.350000 1.480000
v -14.630000 0.350000 1.560000
v -4.691000 0.000000 1.862000
v -4.771000 0.000000 1.862000
v -4.691000 0.000000 1.596000
v -4.771000 0.000000 1.596000
v -4.691000 0.350000 1.862000
v -4.771000 0.350000 1.862000
v -4.691000 0.350000 1.596000
v -4.771000 0.350000 1.596000
v -4.731000 0.000000 1.636000
v -4.731000 0.000000 1.556000
v -4.446000 0.000000 1.636000
v -4.446000 0.000000 1.556000
v -4.731000 0.350000 1.636000
v -4.731000 0.350000 1.556000
v -4.446000 0.350000 1.636000
v -4.446000 0.350000 1.556000
v -4.486000 0.000000 1.596000
v -4.406000 0.000000 1.596000
v -4.486000 0.000000 1.862000
v -4.406000 0.000000 1.862000
v -4.486000 0.350000 1.596000
v -4.406000 0.350000 1.596000
v -4.486000 0.350000 1.862000
v -4.406000 0.350000 1.862000
v -4.446000 0.000000 1.822000
v -4.446000 0.000000 1.902000
v -4.731000 0.000000 1.822000
v -4.731000 0.000000 1.902000
v -4.446000 0.350000 1.822000
v -4.446000 0.350000 1.902000
v -4.731000 0.350000 1.822000
v -4.731000 0.350000 1.902000
v -4.691000 0.000000 2.432000
v -4.771000 0.000000 2.432000
v -4.691000 0.000000 2.166000
v -4.771000 0.000000 2.166000
v -4.691000 0.350000 2.432000
v -4.771000 0.350000 2.432000
v -4.691000 0.350000 2.166000
v -4.771000 0.350000 2.166000
v -4.731000 0.000000 2.206000
v -4.731000 0.000000 2.126000
v -4.446000 0.000000 2.206000
v -4.446000 0.000000 2.126000
v -4.731000 0.350000 2.206000
v -4.731000 0.350000 2.126000
v -4.446000 0.350000 2.206000
v -4.446000 0.350000 2.126000
v -4.486000 0.000000 2.166000
v -4.406000 0.000000 2.166000
v -4.486000 0.000000 2.432000
v -4.406000 0.000000 2.432000
v -4.486000 0.350000 2.166000
v -4.406000 0.350000 2.166000
v -4.486000 0.350000 2.432000
v -4.406000 0.350000 2.432000
v -4.446000 0.000000 2.392000
v -4.446000 0.000000 2.472000
v -4.731000 0.000000 2.392000
v -4.731000 0.000000 2.472000
v -4.446000 0.350000 2.392000
v -4.446000 0.350000 2.472000
v -4.731000 0.350000 2.392000
v -4.731000 0.350000 2.472000
v -4.691000 0.000000 3.002000
v -4.771000 0.000000 3.002000
v -4.691000 0.000000 2.736000
v -4.771000 0.000000 2.736000
v -4.691000 0.350000 3.002000
v -4.771000 0.350000 3.002000
v -4.691000 0.350000 2.736000
v -4.771000 0.350000 2.736000
v -4.731000 0.000000 2.776000
v -4.731000 0.000000 2.696000
v -4.446000 0.000000 2.776000
v -4.446000 0.000000 2.696000
v -4.731000 0.350000 2.776000
v -4.731000 0.350000 2.696000
v -4.446000 0.350000 2.776000
v -4.446000 0.350000 2.696000
v -4.486000 0.000000 2.736000
v -4.406000 0.000000 2.736000
v -4.486000 0.000000 3.002000
v -4.406000 0.000000 3.002000
v -4.486000 0.350000 2.736000
v -4.406000 0.350000 2.736000
v -4.486000 0.350000 3.002000
v -4.406000 0.350000 3.002000
v -4.446000 0.000000 2.962000
v -4.446000 0.000000 3.042000
v -4.731000 0.000000 2.962000
v -4.731000 0.000000 3.042000
v -4.446000 0.350000 2.962000
v -4.446000 0.350000 3.042000
v -4.731000 0.350000 2.962000
v -4.731000 0.350000 3.042000
v -4.691000 0.000000 4.161000
v -4.771000 0.000000 4.161000
v -4.691000 0.000000 3.895000
v -4.771000 0.000000 3.895000
v -4.691000 0.350000 4.161000
v -4.771000 0.350000 4.161000
v -4.691000 0.350000 3.895000
v -4.771000 0.350000 3.895000
v -4.731000 0.000000 3.935000
v -4.731000 0.000000 3.855000
v -4.446000 0.000000 3.935000
v -4.446000 0.000000 3.855000
v -4.731000 0.350000 3.935000
v -4.731000 0.350000 3.855000
v -4.446000 0.350000 3.935000
v -4.446000 0.350000 3.855000
v -4.486000 0.000000 3.895000
v -4.406000 0.000000 3.895000
v -4.486000 0.000000 4.161000
v -4.406000 0.000000 4.161000
v -4.486000 0.350000 3.895000
v -4.406000 0.350000 3.895000
v -4.486000 0.350000 4.161000
v -4.406000 0.350000 4.161000
v -4.446000 0.000000 4.121000
v -4.446000 0.000000 4.201000
v -4.731000 0.000000 4.121000
v -4.731000 0.000000 4.201000
v -4.446000 0.350000 4.121000
v -4.446000 0.350000 4.201000
v -4.731000 0.350000 4.121000
v -4.731000 0.350000 4.201000
f 1 3 7
f 1 7 5
f 2 6 8
f 2 8 4
f 5 7 8
f 5 8 6
f 9 11 15
f 9 15 13
f 10 14 16
f 10 16 12
f 13 15 16
f 13 16 14
f 17 19 23
f 17 23 21
f 18 22 24
f 18 24 20
f 21 23 24
f 21 24 22
f 25 27 31
f 25 31 29
f 26 30 32
f 26 32 28
f 29 31 32
f 29 32 30
f 33 35 39
f 33 39 37
f 34 38 40
f 34 40 36
f 37 39 40
f 37 40 38
f 41 43 47
f 41 47 45
f 42 46 48
f 42 48 44
f 45 47 48
f 45 48 46
f 49 51 55
f 49 55 53
f 50 54 56
f 50 56 52
f 53 55 56
f 53 56 54
f 57 59 63
f 57 63 61
f 58 62 64
f 58 64 60
f 61 63 64
f 61 64 62
f 65 67 71
f 65 71 69
f 66 70 72
f 66 72 68
f 69 71 72
f 69 72 70
f 73 75 79
f 73 79 77
f 74 78 80
f 74 80 76
f 77 79 80
f 77 80 78
f 81 83 87
f 81 87 85
f 82 86 88
f 82 88 84
f 85 87 88
f 85 88 86
f 89 91 95
f 89 95 93
f 90 94 96
f 90 96 92
f 93 95 96
f 93 96 94
f 97 99 103
f 97 103 101
f 98 102 104
f 98 104 100
f 101 103 104
f 101 104 102
f 105 107 111
f 105 111 109
f 106 110 112
f 106 112 108
f 109 111 112
f 109 112 110
f 113 115 119
f 113 119 117
f 114 118 120
f 114 120 116
f 117 119 120
f 117 120 118
f 121 123 127
f 121 127 125
f 122 126 128
f 122 128 124
f 125 127 128
f 125 128 126
f 129 131 135
f 129 135 133
f 130 134 136
f 130 136 132
f 133 135 136
f 133 136 134
f 137 139 143
f 137 143 141
f 138 142 144
f 138 144 140
f 141 143 144
f 141 144 142
f 145 147 151
f 145 151 149
f 146 150 152
f 146 152 148
f 149 151 152
f 149 152 150
f 153 155 159
f 153 159 157
f 154 158 160
f 154 160 156
f 157 159 160
f 157 160 158
f 161 163 167
f 161 167 165
f 162 166 168
f 162 168 164
f 165 167 168
f 165 168 166
f 169 171 175
f 169 175 173
f 170 174 176
f 170 176 172
f 173 175 176
f 173 176 174
f 177 179 183
f 177 183 181
f 178 182 184
f 178 184 180
f 181 183 184
f 181 184 182
f 185 187 191
f 185 191 189
f 186 190 192
f 186 192 188
f 189 191 192
f 189 192 190
f 193 195 199
f 193 199 197
f 194 198 200
f 194 200 196
f 197 199 200
f 197 200 198
f 201 203 207
f 201 207 205
f 202 206 208
f 202 208 204
f 205 207 208
f 205 208 206
f 209 211 215
f 209 215 213
f 210 214 216
f 210 216 212
f 213 215 216
f 213 216 214
f 217 219 223
f 217 223 221
f 218 222 224
f 218 224 220
f 221 223 224
f 221 224 222
f 225 227 231
f 225 231 229
f 226 230 232
f 226 232 228
f 229 231 232
f 229 232 230
f 233 235 239
f 233 239 237
f 234 238 240
f 234 240 236
f 237 239 240
f 237 240 238
f 241 243 247
f 241 247 245
f 242 246 248
f 242 248 244
f 245 247 248
f 245 248 246
f 249 251 255
f 249 255 253
f 250 254 256
f 250 256 252
f 253 255 256
f 253 256 254
f 257 259 263
f 257 263 261
f 258 262 264
f 258 264 260
f 261 263 264
f 261 264 262
f 265 267 271
f 265 271 269
f 266 270 272
f 266 272 268
f 269 271 272
f 269 272 270
f 273 275 279
f 273 279 277
f 274 278 280
f 274 280 276
f 277 279 280
f 277 280 278
f 281 283 287
f 281 287 285
f 282 286 288
f 282 288 284
f 285 287 288
f 285 288 286
f 289 291 295
f 289 295 293
f 290 294 296
f 290 296 292
f 293 295 296
f 293 296 294
f 297 299 303
f 297 303 301
f 298 302 304
f 298 304 300
f 301 303 304
f 301 304 302
f 305 307 311
f 305 311 309
f 306 310 312
f 306 312 308
f 309 311 312
f 309 312 310
f 313 315 319
f 313 319 317
f 314 318 320
f 314 320 316
f 317 319 320
f 317 320 318
f 321 323 327
f 321 327 325
f 322 326 328
f 322 328 324
f 325 327 328
f 325 328 326
f 329 331 335
f 329 335 333
f 330 334 336
f 330 336 332
f 333 335 336
f 333 336 334
f 337 339 343
f 337 343 341
f 338 342 344
f 338 344 340
f 341 343 344
f 341 344 342
f 345 347 351
f 345 351 349
f 346 350 352
f 346 352 348
f 349 351 352
f 349 352 350
f 353 355 359
f 353 359 357
f 354 358 360
f 354 360 356
f 357 359 360
f 357 360 358
f 361 363 367
f 361 367 365
f 362 366 368
f 362 368 364
f 365 367 368
f 365 368 366
f 369 371 375
f 369 375 373
f 370 374 376
f 370 376 372
f 373 375 376
f 373 376 374
f 377 379 383
f 377 383 381
f 378 382 384
f 378 384 380
f 381 383 384
f 381 384 382
f 385 387 391
f 385 391 389
f 386 390 392
f 386 392 388
f 389 391 392
f 389 392 390
f 393 395 399
f 393 399 397
f 394 398 400
f 394 400 396
f 397 399 400
f 397 400 398
f 401 403 407
f 401 407 405
f 402 406 408
f 402 408 404
f 405 407 408
f 405 408 406
f 409 411 415
f 409 415 413
f 410 414 416
f 410 416 412
f 413 415 416
f 413 416 414
f 417 419 423
f 417 423 421
f 418 422 424
f 418 424 420
f 421 423 424
f 421 424 422
f 425 427 431
f 425 431 429
f 426 430 432
f 426 432 428
f 429 431 432
f 429 432 430
f 433 435 439
f 433 439 437
f 434 438 440
f 434 440 436
f 437 439 440
f 437 440 438
f 441 443 447
f 441 447 445
f 442 446 448
f 442 448 444
f 445 447 448
f 445 448 446
f 449 451 455
f 449 455 453
f 450 454 456
f 450 456 452
f 453 455 456
f 453 456 454
f 457 459 463
f 457 463 461
f 458 462 464
f 458 464 460
f 461 463 464
f 461 464 462
f 465 467 471
f 465 471 469
f 466 470 472
f 466 472 468
f 469 471 472
f 469 472 470
f 473 475 479
f 473 479 477
f 474 478 480
f 474 480 476
f 477 479 480
f 477 480 478
f 481 483 487
f 481 487 485
f 482 486 488
f 482 488 484
f 485 487 488
f 485 488 486
f 489 491 495
f 489 495 493
f 490 494 496
f 490 496 492
f 493 495 496
f 493 496 494
f 497 499 503
f 497 503 501
f 498 502 504
f 498 504 500
f 501 503 504
f 501 504 502
f 505 507 511
f 505 511 509
f 506 510 512
f 506 512 508
f 509 511 512
f 509 512 510
f 513 515 519
f 513 519 517
f 514 518 520
f 514 520 516
f 517 519 520
f 517 520 518
f 521 523 527
f 521 527 525
f 522 526 528
f 522 528 524
f 525 527 528
f 525 528 526
f 529 531 535
f 529 535 533
f 530 534 536
f 530 536 532
f 533 535 536
f 533 536 534
f 537 539 543
f 537 543 541
f 538 542 544
f 538 544 540
f 541 543 544
f 541 544 542
f 545 547 551
f 545 551 549
f 546 550 552
f 546 552 548
f 549 551 552
f 549 552 550
f 553 555 559
f 553 559 557
f 554 558 560
f 554 560 556
f 557 559 560
f 557 560 558
f 561 563 567
f 561 567 565
f 562 566 568
f 562 568 564
f 565 567 568
f 565 568 566
f 569 571 575
f 569 575 573
f 570 574 576
f 570 576 572
f 573 575 576
f 573 576 574
f 577 579 583
f 577 583 581
f 578 582 584
f 578 584 580
f 581 583 584
f 581 584 582
f 585 587 591
f 585 591 589
f 586 590 592
f 586 592 588
f 589 591 592
f 589 592 590
f 593 595 599
f 593 599 597
f 594 598 600
f 594 600 596
f 597 599 600
f 597 600 598
f 601 603 607
f 601 607 605
f 602 606 608
f 602 608 604
f 605 607 608
f 605 608 606
f 609 611 615
f 609 615 613
f 610 614 616
f 610 616 612
f 613 615 616
f 613 616 614
f 617 619 623
f 617 623 621
f 618 622 624
f 618 624 620
f 621 623 624
f 621 624 622
f 625 627 631
f 625 631 629
f 626 630 632
f 626 632 628
f 629 631 632
f 629 632 630
f 633 635 639
f 633 639 637
f 634 638 640
f 634 640 636
f 637 639 640
f 637 640 638
f 641 643 647
f 641 647 645
f 642 646 648
f 642 648 644
f 645 647 648
f 645 648 646
f 649 651 655
f 649 655 653
f 650 654 656
f 650 656 652
f 653 655 656
f 653 656 654
f 657 659 663
f 657 663 661
f 658 662 664
f 658 664 660
f 661 663 664
f 661 664 662
f 665 667 671
f 665 671 669
f 666 670 672
f 666 672 668
f 669 671 672
f 669 672 670
f 673 675 679
f 673 679 677
f 674 678 680
f 674 680 676
f 677 679 680
f 677 680 678
f 681 683 687
f 681 687 685
f 682 686 688
f 682 688 684
f 685 687 688
f 685 688 686
f 689 691 695
f 689 695 693
f 690 694 696
f 690 696 692
f 693 695 696
f 693 696 694
f 697 699 703
f 697 703 701
f 698 702 704
f 698 704 700
f 701 703 704
f 701 704 702
f 705 707 711
f 705 711 709
f 706 710 712
f 706 712 708
f 709 711 712
f 709 712 710
f 713 715 719
f 713 719 717
f 714 718 720
f 714 720 716
f 717 719 720
f 717 720 718
f 721 723 727
f 721 727 725
f 722 726 728
f 722 728 724
f 725 727 728
f 725 728 726
f 729 731 735
f 729 735 733
f 730 734 736
f 730 736 732
f 733 735 736
f 733 736 734
f 737 739 743
f 737 743 741
f 738 742 744
f 738 744 740
f 741 743 744
f 741 744 742
f 745 747 751
f 745 751 749
f 746 750 752
f 746 752 748
f 749 751 752
f 749 752 750
f 753 755 759
f 753 759 757
f 754 758 760
f 754 760 756
f 757 759 760
f 757 760 758
f 761 763 767
f 761 767 765
f 762 766 768
f 762 768 764
f 765 767 768
f 765 768 766
f 769 771 775
f 769 775 773
f 770 774 776
f 770 776 772
f 773 775 776
f 773 776 774
f 777 779 783
f 777 783 781
f 778 782 784
f 778 784 780
f 781 783 784
f 781 784 782
f 785 787 791
f 785 791 789
f 786 790 792
f 786 792 788
f 789 791 792
f 789 792 790
f 793 795 799
f 793 799 797
f 794 798 800
f 794 800 796
f 797 799 800
f 797 800 798
f 801 803 807
f 801 807 805
f 802 806 808
f 802 808 804
f 805 807 808
f 805 808 806
f 809 811 815
f 809 815 813
f 810 814 816
f 810 816 812
f 813 815 816
f 813 816 814
f 817 819 823
f 817 823 821
f 818 822 824
f 818 824 820
f 821 823 824
f 821 824 822
f 825 827 831
f 825 831 829
f 826 830 832
f 826 832 828
f 829 831 832
f 829 832 830
f 833 835 839
f 833 839 837
f 834 838 840
f 834 840 836
f 837 839 840
f 837 840 838
f 841 843 847
f 841 847 845
f 842 846 848
f 842 848 844
f 845 847 848
f 845 848 846
f 849 851 855
f 849 855 853
f 850 854 856
f 850 856 852
f 853 855 856
f 853 856 854
f 857 859 863
f 857 863 861
f 858 862 864
f 858 864 860
f 861 863 864
f 861 864 862
f 865 867 871
f 865 871 869
f 866 870 872
f 866 872 868
f 869 871 872
f 869 872 870
f 873 875 879
f 873 879 877
f 874 878 880
f 874 880 876
f 877 879 880
f 877 880 878
f 881 883 887
f 881 887 885
f 882 886 888
f 882 888 884
f 885 887 888
f 885 888 886
f 889 891 895
f 889 895 893
f 890 894 896
f 890 896 892
f 893 895 896
f 893 896 894
f 897 899 903
f 897 903 901
f 898 902 904
f 898 904 900
f 901 903 904
f 901 904 902
f 905 907 911
f 905 911 909
f 906 910 912
f 906 912 908
f 909 911 912
f 909 912 910
f 913 915 919
f 913 919 917
f 914 918 920
f 914 920 916
f 917 919 920
f 917 920 918
f 921 923 927
f 921 927 925
f 922 926 928
f 922 928 924
f 925 927 928
f 925 928 926
f 929 931 935
f 929 935 933
f 930 934 936
f 930 936 932
f 933 935 936
f 933 936 934
f 937 939 943
f 937 943 941
f 938 942 944
f 938 944 940
f 941 943 944
f 941 944 942
f 945 947 951
f 945 951 949
f 946 950 952
f 946 952 948
f 949 951 952
f 949 952 950
f 953 955 959
f 953 959 957
f 954 958 960
f 954 960 956
f 957 959 960
f 957 960 958
f 961 963 967
f 961 967 965
f 962 966 968
f 962 968 964
f 965 967 968
f 965 968 966
f 969 971 975
f 969 975 973
f 970 974 976
f 970 976 972
f 973 975 976
f 973 976 974
f 977 979 983
f 977 983 981
f 978 982 984
f 978 984 980
f 981 983 984
f 981 984 982
f 985 987 991
f 985 991 989
f 986 990 992
f 986 992 988
f 989 991 992
f 989 992 990
f 993 995 999
f 993 999 997
f 994 998 1000
f 994 1000 996
f 997 999 1000
f 997 1000 998
f 1001 1003 1007
f 1001 1007 1005
f 1002 1006 1008
f 1002 1008 1004
f 1005 1007 1008
f 1005 1008 1006
f 1009 1011 1015
f 1009 1015 1013
f 1010 1014 1016
f 1010 1016 1012
f 1013 1015 1016
f 1013 1016 1014
f 1017 1019 1023
f 1017 1023 1021
f 1018 1022 1024
f 1018 1024 1020
f 1021 1023 1024
f 1021 1024 1022
f 1025 1027 1031
f 1025 1031 1029
f 1026 1030 1032
f 1026 1032 1028
f 1029 1031 1032
f 1029 1032 1030
f 1033 1035 1039
f 1033 1039 1037
f 1034 1038 1040
f 1034 1040 1036
f 1037 1039 1040
f 1037 1040 1038
f 1041 1043 1047
f 1041 1047 1045
f 1042 1046 1048
f 1042 1048 1044
f 1045 1047 1048
f 1045 1048 1046
f 1049 1051 1055
f 1049 1055 1053
f 1050 1054 1056
f 1050 1056 1052
f 1053 1055 1056
f 1053 1056 1054
f 1057 1059 1063
f 1057 1063 1061
f 1058 1062 1064
f 1058 1064 1060
f 1061 1063 1064
f 1061 1064 1062
f 1065 1067 1071
f 1065 1071 1069
f 1066 1070 1072
f 1066 1072 1068
f 1069 1071 1072
f 1069 1072 1070
f 1073 1075 1079
f 1073 1079 1077
f 1074 1078 1080
f 1074 1080 1076
f 1077 1079 1080
f 1077 1080 1078
f 1081 1083 1087
f 1081 1087 1085
f 1082 1086 1088
f 1082 1088 1084
f 1085 1087 1088
f 1085 1088 1086
f 1089 1091 1095
f 1089 1095 1093
f 1090 1094 1096
f 1090 1096 1092
f 1093 1095 1096
f 1093 1096 1094
f 1097 1099 1103
f 1097 1103 1101
f 1098 1102 1104
f 1098 1104 1100
f 1101 1103 1104
f 1101 1104 1102
f 1105 1107 1111
f 1105 1111 1109
f 1106 1110 1112
f 1106 1112 1108
f 1109 1111 1112
f 1109 1112 1110
f 1113 1115 1119
f 1113 1119 1117
f 1114 1118 1120
f 1114 1120 1116
f 1117 1119 1120
f 1117 1120 1118
f 1121 1123 1127
f 1121 1127 1125
f 1122 1126 1128
f 1122 1128 1124
f 1125 1127 1128
f 1125 1128 1126
f 1129 1131 1135
f 1129 1135 1133
f 1130 1134 1136
f 1130 1136 1132
f 1133 1135 1136
f 1133 1136 1134
f 1137 1139 1143
f 1137 1143 1141
f 1138 1142 1144
f 1138 1144 1140
f 1141 1143 1144
f 1141 1144 1142
f 1145 1147 1151
f 1145 1151 1149
f 1146 1150 1152
f 1146 1152 1148
f 1149 1151 1152
f 1149 1152 1150
f 1153 1155 1159
f 1153 1159 1157
f 1154 1158 1160
f 1154 1160 1156
f 1157 1159 1160
f 1157 1160 1158
f 1161 1163 1167
f 1161 1167 1165
f 1162 1166 1168
f 1162 1168 1164
f 1165 1167 1168
f 1165 1168 1166
f 1169 1171 1175
f 1169 1175 1173
f 1170 1174 1176
f 1170 1176 1172
f 1173 1175 1176
f 1173 1176 1174
f 1177 1179 1183
f 1177 1183 1181
f 1178 1182 1184
f 1178 1184 1180
f 1181 1183 1184
f 1181 1184 1182
f 1185 1187 1191
f 1185 1191 1189
f 1186 1190 1192
f 1186 1192 1188
f 1189 1191 1192
f 1189 1192 1190
f 1193 1195 1199
f 1193 1199 1197
f 1194 1198 1200
f 1194 1200 1196
f 1197 1199 1200
f 1197 1200 1198
f 1201 1203 1207
f 1201 1207 1205
f 1202 1206 1208
f 1202 1208 1204
f 1205 1207 1208
f 1205 1208 1206
f 1209 1211 1215
f 1209 1215 1213
f 1210 1214 1216
f 1210 1216 1212
f 1213 1215 1216
f 1213 1216 1214
f 1217 1219 1223
f 1217 1223 1221
f 1218 1222 1224
f 1218 1224 1220
f 1221 1223 1224
f 1221 1224 1222
f 1225 1227 1231
f 1225 1231 1229
f 1226 1230 1232
f 1226 1232 1228
f 1229 1231 1232
f 1229 1232 1230
f 1233 1235 1239
f 1233 1239 1237
f 1234 1238 1240
f 1234 1240 1236
f 1237 1239 1240
f 1237 1240 1238
f 1241 1243 1247
f 1241 1247 1245
f 1242 1246 1248
f 1242 1248 1244
f 1245 1247 1248
f 1245 1248 1246
f 1249 1251 1255
f 1249 1255 1253
f 1250 1254 1256
f 1250 1256 1252
f 1253 1255 1256
f 1253 1256 1254
f 1257 1259 1263
f 1257 1263 1261
f 1258 1262 1264
f 1258 1264 1260
f 1261 1263 1264
f 1261 1264 1262
f 1265 1267 1271
f 1265 1271 1269
f 1266 1270 1272
f 1266 1272 1268
f 1269 1271 1272
f 1269 1272 1270
f 1273 1275 1279
f 1273 1279 1277
f 1274 1278 1280
f 1274 1280 1276
f 1277 1279 1280
f 1277 1280 1278
f 1281 1283 1287
f 1281 1287 1285
f 1282 1286 1288
f 1282 1288 1284
f 1285 1287 1288
f 1285 1288 1286
f 1289 1291 1295
f 1289 1295 1293
f 1290 1294 1296
f 1290 1296 1292
f 1293 1295 1296
f 1293 1296 1294
f 1297 1299 1303
f 1297 1303 1301
f 1298 1302 1304
f 1298 1304 1300
f 1301 1303 1304
f 1301 1304 1302
f 1305 1307 1311
f 1305 1311 1309
f 1306 1310 1312
f 1306 1312 1308
f 1309 1311 1312
f 1309 1312 1310
f 1313 1315 1319
f 1313 1319 1317
f 1314 1318 1320
f 1314 1320 1316
f 1317 1319 1320
f 1317 1320 1318
f 1321 1323 1327
f 1321 1327 1325
f 1322 1326 1328
f 1322 1328 1324
f 1325 1327 1328
f 1325 1328 1326
f 1329 1331 1335
f 1329 1335 1333
f 1330 1334 1336
f 1330 1336 1332
f 1333 1335 1336
f 1333 1336 1334
f 1337 1339 1343
f 1337 1343 1341
f 1338 1342 1344
f 1338 1344 1340
f 1341 1343 1344
f 1341 1344 1342
f 1345 1347 1351
f 1345 1351 1349
f 1346 1350 1352
f 1346 1352 1348
f 1349 1351 1352
f 1349 1352 1350
f 1353 1355 1359
f 1353 1359 1357
f 1354 1358 1360
f 1354 1360 1356
f 1357 1359 1360
f 1357 1360 1358
f 1361 1363 1367
f 1361 1367 1365
f 1362 1366 1368
f 1362 1368 1364
f 1365 1367 1368
f 1365 1368 1366
f 1369 1371 1375
f 1369 1375 1373
f 1370 1374 1376
f 1370 1376 1372
f 1373 1375 1376
f 1373 1376 1374
f 1377 1379 1383
f 1377 1383 1381
f 1378 1382 1384
f 1378 1384 1380
f 1381 1383 1384
f 1381 1384 1382
f 1385 1387 1391
f 1385 1391 1389
f 1386 1390 1392
f 1386 1392 1388
f 1389 1391 1392
f 1389 1392 1390
f 1393 1395 1399
f 1393 1399 1397
f 1394 1398 1400
f 1394 1400 1396
f 1397 1399 1400
f 1397 1400 1398
f 1401 1403 1407
f 1401 1407 1405
f 1402 1406 1408
f 1402 1408 1404
f 1405 1407 1408
f 1405 1408 1406
f 1409 1411 1415
f 1409 1415 1413
f 1410 1414 1416
f 1410 1416 1412
f 1413 1415 1416
f 1413 1416 1414
f 1417 1419 1423
f 1417 1423 1421
f 1418 1422 1424
f 1418 1424 1420
f 1421 1423 1424
f 1421 1424 1422
f 1425 1427 1431
f 1425 1431 1429
f 1426 1430 1432
f 1426 1432 1428
f 1429 1431 1432
f 1429 1432 1430
f 1433 1435 1439
f 1433 1439 1437
f 1434 1438 1440
f 1434 1440 1436
f 1437 1439 1440
f 1437 1440 1438
f 1441 1443 1447
f 1441 1447 1445
f 1442 1446 1448
f 1442 1448 1444
f 1445 1447 1448
f 1445 1448 1446
f 1449 1451 1455
f 1449 1455 1453
f 1450 1454 1456
f 1450 1456 1452
f 1453 1455 1456
f 1453 1456 1454
f 1457 1459 1463
f 1457 1463 1461
f 1458 1462 1464
f 1458 1464 1460
f 1461 1463 1464
f 1461 1464 1462
f 1465 1467 1471
f 1465 1471 1469
f 1466 1470 1472
f 1466 1472 1468
f 1469 1471 1472
f 1469 1472 1470
f 1473 1475 1479
f 1473 1479 1477
f 1474 1478 1480
f 1474 1480 1476
f 1477 1479 1480
f 1477 1480 1478
f 1481 1483 1487
f 1481 1487 1485
f 1482 1486 1488
f 1482 1488 1484
f 1485 1487 1488
f 1485 1488 1486
f 1489 1491 1495
f 1489 1495 1493
f 1490 1494 1496
f 1490 1496 1492
f 1493 1495 1496
f 1493 1496 1494
f 1497 1499 1503
f 1497 1503 1501
f 1498 1502 1504
f 1498 1504 1500
f 1501 1503 1504
f 1501 1504 1502
f 1505 1507 1511
f 1505 1511 1509
f 1506 1510 1512
f 1506 1512 1508
f 1509 1511 1512
f 1509 1512 1510
f 1513 1515 1519
f 1513 1519 1517
f 1514 1518 1520
f 1514 1520 1516
f 1517 1519 1520
f 1517 1520 1518
f 1521 1523 1527
f 1521 1527 1525
f 1522 1526 1528
f 1522 1528 1524
f 1525 1527 1528
f 1525 1528 1526
f 1529 1531 1535
f 1529 1535 1533
f 1530 1534 1536
f 1530 1536 1532
f 1533 1535 1536
f 1533 1536 1534
f 1537 1539 1543
f 1537 1543 1541
f 1538 1542 1544
f 1538 1544 1540
f 1541 1543 1544
f 1541 1544 1542
f 1545 1547 1551
f 1545 1551 1549
f 1546 1550 1552
f 1546 1552 1548
f 1549 1551 1552
f 1549 1552 1550
f 1553 1555 1559
f 1553 1559 1557
f 1554 1558 1560
f 1554 1560 1556
f 1557 1559 1560
f 1557 1560 1558
f 1561 1563 1567
f 1561 1567 1565
f 1562 1566 1568
f 1562 1568 1564
f 1565 1567 1568
f 1565 1568 1566
f 1569 1571 1575
f 1569 1575 1573
f 1570 1574 1576
f 1570 1576 1572
f 1573 1575 1576
f 1573 1576 1574
f 1577 1579 1583
f 1577 1583 1581
f 1578 1582 1584
f 1578 1584 1580
f 1581 1583 1584
f 1581 1584 1582
f 1585 1587 1591
f 1585 1591 1589
f 1586 1590 1592
f 1586 1592 1588
f 1589 1591 1592
f 1589 1592 1590
f 1593 1595 1599
f 1593 1599 1597
f 1594 1598 1600
f 1594 1600 1596
f 1597 1599 1600
f 1597 1600 1598
f 1601 1603 1607
f 1601 1607 1605
f 1602 1606 1608
f 1602 1608 1604
f 1605 1607 1608
f 1605 1608 1606
f 1609 1611 1615
f 1609 1615 1613
f 1610 1614 1616
f 1610 1616 1612
f 1613 1615 1616
f 1613 1616 1614
f 1617 1619 1623
f 1617 1623 1621
f 1618 1622 1624
f 1618 1624 1620
f 1621 1623 1624
f 1621 1624 1622
f 1625 1627 1631
f 1625 1631 1629
f 1626 1630 1632
f 1626 1632 1628
f 1629 1631 1632
f 1629 1632 1630
f 1633 1635 1639
f 1633 1639 1637
f 1634 1638 1640
f 1634 1640 1636
f 1637 1639 1640
f 1637 1640 1638
f 1641 1643 1647
f 1641 1647 1645
f 1642 1646 1648
f 1642 1648 1644
f 1645 1647 1648
f 1645 1648 1646
f 1649 1651 1655
f 1649 1655 1653
f 1650 1654 1656
f 1650 1656 1652
f 1653 1655 1656
f 1653 1656 1654
f 1657 1659 1663
f 1657 1663 1661
f 1658 1662 1664
f 1658 1664 1660
f 1661 1663 1664
f 1661 1664 1662
f 1665 1667 1671
f 1665 1671 1669
f 1666 1670 1672
f 1666 1672 1668
f 1669 1671 1672
f 1669 1672 1670
f 1673 1675 1679
f 1673 1679 1677
f 1674 1678 1680
f 1674 1680 1676
f 1677 1679 1680
f 1677 1680 1678
f 1681 1683 1687
f 1681 1687 1685
f 1682 1686 1688
f 1682 1688 1684
f 1685 1687 1688
f 1685 1688 1686
f 1689 1691 1695
f 1689 1695 1693
f 1690 1694 1696
f 1690 1696 1692
f 1693 1695 1696
f 1693 1696 1694
f 1697 1699 1703
f 1697 1703 1701
f 1698 1702 1704
f 1698 1704 1700
f 1701 1703 1704
f 1701 1704 1702
f 1705 1707 1711
f 1705 1711 1709
f 1706 1710 1712
f 1706 1712 1708
f 1709 1711 1712
f 1709 1712 1710
f 1713 1715 1719
f 1713 1719 1717
f 1714 1718 1720
f 1714 1720 1716
f 1717 1719 1720
f 1717 1720 1718
f 1721 1723 1727
f 1721 1727 1725
f 1722 1726 1728
f 1722 1728 1724
f 1725 1727 1728
f 1725 1728 1726
f 1729 1731 1735
f 1729 1735 1733
f 1730 1734 1736
f 1730 1736 1732
f 1733 1735 1736
f 1733 1736 1734
f 1737 1739 1743
f 1737 1743 1741
f 1738 1742 1744
f 1738 1744 1740
f 1741 1743 1744
f 1741 1744 1742
f 1745 1747 1751
f 1745 1751 1749
f 1746 1750 1752
f 1746 1752 1748
f 1749 1751 1752
f 1749 1752 1750
f 1753 1755 1759
f 1753 1759 1757
f 1754 1758 1760
f 1754 1760 1756
f 1757 1759 1760
f 1757 1760 1758
f 1761 1763 1767
f 1761 1767 1765
f 1762 1766 1768
f 1762 1768 1764
f 1765 1767 1768
f 1765 1768 1766
f 1769 1771 1775
f 1769 1775 1773
f 1770 1774 1776
f 1770 1776 1772
f 1773 1775 1776
f 1773 1776 1774
f 1777 1779 1783
f 1777 1783 1781
f 1778 1782 1784
f 1778 1784 1780
f 1781 1783 1784
f 1781 1784 1782
f 1785 1787 1791
f 1785 1791 1789
f 1786 1790 1792
f 1786 1792 1788
f 1789 1791 1792
f 1789 1792 1790
f 1793 1795 1799
f 1793 1799 1797
f 1794 1798 1800
f 1794 1800 1796
f 1797 1799 1800
f 1797 1800 1798
f 1801 1803 1807
f 1801 1807 1805
f 1802 1806 1808
f 1802 1808 1804
f 1805 1807 1808
f 1805 1808 1806
f 1809 1811 1815
f 1809 1815 1813
f 1810 1814 1816
f 1810 1816 1812
f 1813 1815 1816
f 1813 1816 1814
f 1817 1819 1823
f 1817 1823 1821
f 1818 1822 1824
f 1818 1824 1820
f 1821 1823 1824
f 1821 1824 1822
f 1825 1827 1831
f 1825 1831 1829
f 1826 1830 1832
f 1826 1832 1828
f 1829 1831 1832
f 1829 1832 1830
f 1833 1835 1839
f 1833 1839 1837
f 1834 1838 1840
f 1834 1840 1836
f 1837 1839 1840
f 1837 1840 1838
f 1841 1843 1847
f 1841 1847 1845
f 1842 1846 1848
f 1842 1848 1844
f 1845 1847 1848
f 1845 1848 1846
f 1849 1851 1855
f 1849 1855 1853
f 1850 1854 1856
f 1850 1856 1852
f 1853 1855 1856
f 1853 1856 1854
f 1857 1859 1863
f 1857 1863 1861
f 1858 1862 1864
f 1858 1864 1860
f 1861 1863 1864
f 1861 1864 1862
f 1865 1867 1871
f 1865 1871 1869
f 1866 1870 1872
f 1866 1872 1868
f 1869 1871 1872
f 1869 1872 1870
f 1873 1875 1879
f 1873 1879 1877
f 1874 1878 1880
f 1874 1880 1876
f 1877 1879 1880
f 1877 1880 1878
f 1881 1883 1887
f 1881 1887 1885
f 1882 1886 1888
f 1882 1888 1884
f 1885 1887 1888
f 1885 1888 1886
f 1889 1891 1895
f 1889 1895 1893
f 1890 1894 1896
f 1890 1896 1892
f 1893 1895 1896
f 1893 1896 1894
f 1897 1899 1903
f 1897 1903 1901
f 1898 1902 1904
f 1898 1904 1900
f 1901 1903 1904
f 1901 1904 1902
f 1905 1907 1911
f 1905 1911 1909
f 1906 1910 1912
f 1906 1912 1908
f 1909 1911 1912
f 1909 1912 1910
f 1913 1915 1919
f 1913 1919 1917
f 1914 1918 1920
f 1914 1920 1916
f 1917 1919 1920
f 1917 1920 1918
f 1921 1923 1927
f 1921 1927 1925
f 1922 1926 1928
f 1922 1928 1924
f 1925 1927 1928
f 1925 1928 1926
f 1929 1931 1935
f 1929 1935 1933
f 1930 1934 1936
f 1930 1936 1932
f 1933 1935 1936
f 1933 1936 1934
f 1937 1939 1943
f 1937 1943 1941
f 1938 1942 1944
f 1938 1944 1940
f 1941 1943 1944
f 1941 1944 1942
f 1945 1947 1951
f 1945 1951 1949
f 1946 1950 1952
f 1946 1952 1948
f 1949 1951 1952
f 1949 1952 1950
f 1953 1955 1959
f 1953 1959 1957
f 1954 1958 1960
f 1954 1960 1956
f 1957 1959 1960
f 1957 1960 1958
f 1961 1963 1967
f 1961 1967 1965
f 1962 1966 1968
f 1962 1968 1964
f 1965 1967 1968
f 1965 1968 1966
f 1969 1971 1975
f 1969 1975 1973
f 1970 1974 1976
f 1970 1976 1972
f 1973 1975 1976
f 1973 1976 1974
f 1977 1979 1983
f 1977 1983 1981
f 1978 1982 1984
f 1978 1984 1980
f 1981 1983 1984
f 1981 1984 1982
f 1985 1987 1991
f 1985 1991 1989
f 1986 1990 1992
f 1986 1992 1988
f 1989 1991 1992
f 1989 1992 1990
f 1993 1995 1999
f 1993 1999 1997
f 1994 1998 2000
f 1994 2000 1996
f 1997 1999 2000
f 1997 2000 1998
f 2001 2003 2007
f 2001 2007 2005
f 2002 2006 2008
f 2002 2008 2004
f 2005 2007 2008
f 2005 2008 2006
f 2009 2011 2015
f 2009 2015 2013
f 2010 2014 2016
f 2010 2016 2012
f 2013 2015 2016
f 2013 2016 2014
f 2017 2019 2023
f 2017 2023 2021
f 2018 2022 2024
f 2018 2024 2020
f 2021 2023 2024
f 2021 2024 2022
f 2025 2027 2031
f 2025 2031 2029
f 2026 2030 2032
f 2026 2032 2028
f 2029 2031 2032
f 2029 2032 2030
f 2033 2035 2039
f 2033 2039 2037
f 2034 2038 2040
f 2034 2040 2036
f 2037 2039 2040
f 2037 2040 2038
f 2041 2043 2047
f 2041 2047 2045
f 2042 2046 2048
f 2042 2048 2044
f 2045 2047 2048
f 2045 2048 2046
f 2049 2051 2055
f 2049 2055 2053
f 2050 2054 2056
f 2050 2056 2052
f 2053 2055 2056
f 2053 2056 2054
f 2057 2059 2063
f 2057 2063 2061
f 2058 2062 2064
f 2058 2064 2060
f 2061 2063 2064
f 2061 2064 2062
f 2065 2067 2071
f 2065 2071 2069
f 2066 2070 2072
f 2066 2072 2068
f 2069 2071 2072
f 2069 2072 2070
f 2073 2075 2079
f 2073 2079 2077
f 2074 2078 2080
f 2074 2080 2076
f 2077 2079 2080
f 2077 2080 2078
f 2081 2083 2087
f 2081 2087 2085
f 2082 2086 2088
f 2082 2088 2084
f 2085 2087 2088
f 2085 2088 2086
f 2089 2091 2095
f 2089 2095 2093
f 2090 2094 2096
f 2090 2096 2092
f 2093 2095 2096
f 2093 2096 2094
f 2097 2099 2103
f 2097 2103 2101
f 2098 2102 2104
f 2098 2104 2100
f 2101 2103 2104
f 2101 2104 2102
f 2105 2107 2111
f 2105 2111 2109
f 2106 2110 2112
f 2106 2112 2108
f 2109 2111 2112
f 2109 2112 2110
f 2113 2115 2119
f 2113 2119 2117
f 2114 2118 2120
f 2114 2120 2116
f 2117 2119 2120
f 2117 2120 2118
f 2121 2123 2127
f 2121 2127 2125
f 2122 2126 2128
f 2122 2128 2124
f 2125 2127 2128
f 2125 2128 2126
f 2129 2131 2135
f 2129 2135 2133
f 2130 2134 2136
f 2130 2136 2132
f 2133 2135 2136
f 2133 2136 2134
f 2137 2139 2143
f 2137 2143 2141
f 2138 2142 2144
f 2138 2144 2140
f 2141 2143 2144
f 2141 2144 2142
f 2145 2147 2151
f 2145 2151 2149
f 2146 2150 2152
f 2146 2152 2148
f 2149 2151 2152
f 2149 2152 2150
f 2153 2155 2159
f 2153 2159 2157
f 2154 2158 2160
f 2154 2160 2156
f 2157 2159 2160
f 2157 2160 2158
f 2161 2163 2167
f 2161 2167 2165
f 2162 2166 2168
f 2162 2168 2164
f 2165 2167 2168
f 2165 2168 2166
f 2169 2171 2175
f 2169 2175 2173
f 2170 2174 2176
f 2170 2176 2172
f 2173 2175 2176
f 2173 2176 2174
f 2177 2179 2183
f 2177 2183 2181
f 2178 2182 2184
f 2178 2184 2180
f 2181 2183 2184
f 2181 2184 2182
f 2185 2187 2191
f 2185 2191 2189
f 2186 2190 2192
f 2186 2192 2188
f 2189 2191 2192
f 2189 2192 2190
f 2193 2195 2199
f 2193 2199 2197
f 2194 2198 2200
f 2194 2200 2196
f 2197 2199 2200
f 2197 2200 2198
f 2201 2203 2207
f 2201 2207 2205
f 2202 2206 2208
f 2202 2208 2204
f 2205 2207 2208
f 2205 2208 2206
f 2209 2211 2215
f 2209 2215 2213
f 2210 2214 2216
f 2210 2216 2212
f 2213 2215 2216
f 2213 2216 2214
f 2217 2219 2223
f 2217 2223 2221
f 2218 2222 2224
f 2218 2224 2220
f 2221 2223 2224
f 2221 2224 2222
f 2225 2227 2231
f 2225 2231 2229
f 2226 2230 2232
f 2226 2232 2228
f 2229 2231 2232
f 2229 2232 2230
f 2233 2235 2239
f 2233 2239 2237
f 2234 2238 2240
f 2234 2240 2236
f 2237 2239 2240
f 2237 2240 2238
f 2241 2243 2247
f 2241 2247 2245
f 2242 2246 2248
f 2242 2248 2244
f 2245 2247 2248
f 2245 2248 2246
f 2249 2251 2255
f 2249 2255 2253
f 2250 2254 2256
f 2250 2256 2252
f 2253 2255 2256
f 2253 2256 2254
f 2257 2259 2263
f 2257 2263 2261
f 2258 2262 2264
f 2258 2264 2260
f 2261 2263 2264
f 2261 2264 2262
f 2265 2267 2271
f 2265 2271 2269
f 2266 2270 2272
f 2266 2272 2268
f 2269 2271 2272
f 2269 2272 2270
f 2273 2275 2279
f 2273 2279 2277
f 2274 2278 2280
f 2274 2280 2276
f 2277 2279 2280
f 2277 2280 2278
f 2281 2283 2287
f 2281 2287 2285
f 2282 2286 2288
f 2282 2288 2284
f 2285 2287 2288
f 2285 2288 2286
f 2289 2291 2295
f 2289 2295 2293
f 2290 2294 2296
f 2290 2296 2292
f 2293 2295 2296
f 2293 2296 2294
f 2297 2299 2303
f 2297 2303 2301
f 2298 2302 2304
f 2298 2304 2300
f 2301 2303 2304
f 2301 2304 2302
f 2305 2307 2311
f 2305 2311 2309
f 2306 2310 2312
f 2306 2312 2308
f 2309 2311 2312
f 2309 2312 2310
f 2313 2315 2319
f 2313 2319 2317
f 2314 2318 2320
f 2314 2320 2316
f 2317 2319 2320
f 2317 2320 2318
f 2321 2323 2327
f 2321 2327 2325
f 2322 2326 2328
f 2322 2328 2324
f 2325 2327 2328
f 2325 2328 2326
f 2329 2331 2335
f 2329 2335 2333
f 2330 2334 2336
f 2330 2336 2332
f 2333 2335 2336
f 2333 2336 2334
f 2337 2339 2343
f 2337 2343 2341
f 2338 2342 2344
f 2338 2344 2340
f 2341 2343 2344
f 2341 2344 2342
f 2345 2347 2351
f 2345 2351 2349
f 2346 2350 2352
f 2346 2352 2348
f 2349 2351 2352
f 2349 2352 2350
f 2353 2355 2359
f 2353 2359 2357
f 2354 2358 2360
f 2354 2360 2356
f 2357 2359 2360
f 2357 2360 2358
f 2361 2363 2367
f 2361 2367 2365
f 2362 2366 2368
f 2362 2368 2364
f 2365 2367 2368
f 2365 2368 2366
f 2369 2371 2375
f 2369 2375 2373
f 2370 2374 2376
f 2370 2376 2372
f 2373 2375 2376
f 2373 2376 2374
f 2377 2379 2383
f 2377 2383 2381
f 2378 2382 2384
f 2378 2384 2380
f 2381 2383 2384
f 2381 2384 2382
f 2385 2387 2391
f 2385 2391 2389
f 2386 2390 2392
f 2386 2392 2388
f 2389 2391 2392
f 2389 2392 2390
f 2393 2395 2399
f 2393 2399 2397
f 2394 2398 2400
f 2394 2400 2396
f 2397 2399 2400
f 2397 2400 2398
f 2401 2403 2407
f 2401 2407 2405
f 2402 2406 2408
f 2402 2408 2404
f 2405 2407 2408
f 2405 2408 2406
f 2409 2411 2415
f 2409 2415 2413
f 2410 2414 2416
f 2410 2416 2412
f 2413 2415 2416
f 2413 2416 2414
f 2417 2419 2423
f 2417 2423 2421
f 2418 2422 2424
f 2418 2424 2420
f 2421 2423 2424
f 2421 2424 2422
f 2425 2427 2431
f 2425 2431 2429
f 2426 2430 2432
f 2426 2432 2428
f 2429 2431 2432
f 2429 2432 2430
f 2433 2435 2439
f 2433 2439 2437
f 2434 2438 2440
f 2434 2440 2436
f 2437 2439 2440
f 2437 2440 2438
f 2441 2443 2447
f 2441 2447 2445
f 2442 2446 2448
f 2442 2448 2444
f 2445 2447 2448
f 2445 2448 2446
f 2449 2451 2455
f 2449 2455 2453
f 2450 2454 2456
f 2450 2456 2452
f 2453 2455 2456
f 2453 2456 2454
f 2457 2459 2463
f 2457 2463 2461
f 2458 2462 2464
f 2458 2464 2460
f 2461 2463 2464
f 2461 2464 2462
f 2465 2467 2471
f 2465 2471 2469
f 2466 2470 2472
f 2466 2472 2468
f 2469 2471 2472
f 2469 2472 2470
f 2473 2475 2479
f 2473 2479 2477
f 2474 2478 2480
f 2474 2480 2476
f 2477 2479 2480
f 2477 2480 2478
f 2481 2483 2487
f 2481 2487 2485
f 2482 2486 2488
f 2482 2488 2484
f 2485 2487 2488
f 2485 2488 2486
f 2489 2491 2495
f 2489 2495 2493
f 2490 2494 2496
f 2490 2496 2492
f 2493 2495 2496
f 2493 2496 2494
f 2497 2499 2503
f 2497 2503 2501
f 2498 2502 2504
f 2498 2504 2500
f 2501 2503 2504
f 2501 2504 2502
f 2505 2507 2511
f 2505 2511 2509
f 2506 2510 2512
f 2506 2512 2508
f 2509 2511 2512
f 2509 2512 2510
f 2513 2515 2519
f 2513 2519 2517
f 2514 2518 2520
f 2514 2520 2516
f 2517 2519 2520
f 2517 2520 2518
f 2521 2523 2527
f 2521 2527 2525
f 2522 2526 2528
f 2522 2528 2524
f 2525 2527 2528
f 2525 2528 2526
f 2529 2531 2535
f 2529 2535 2533
f 2530 2534 2536
f 2530 2536 2532
f 2533 2535 2536
f 2533 2536 2534
f 2537 2539 2543
f 2537 2543 2541
f 2538 2542 2544
f 2538 2544 2540
f 2541 2543 2544
f 2541 2544 2542
f 2545 2547 2551
f 2545 2551 2549
f 2546 2550 2552
f 2546 2552 2548
f 2549 2551 2552
f 2549 2552 2550
f 2553 2555 2559
f 2553 2559 2557
f 2554 2558 2560
f 2554 2560 2556
f 2557 2559 2560
f 2557 2560 2558
f 2561 2563 2567
f 2561 2567 2565
f 2562 2566 2568
f 2562 2568 2564
f 2565 2567 2568
f 2565 2568 2566
f 2569 2571 2575
f 2569 2575 2573
f 2570 2574 2576
f 2570 2576 2572
f 2573 2575 2576
f 2573 2576 2574
f 2577 2579 2583
f 2577 2583 2581
f 2578 2582 2584
f 2578 2584 2580
f 2581 2583 2584
f 2581 2584 2582
